coin,symbol,price,mkt_cap,date,one_hour,twentyfour_hour,seven_day,twentyfour_hour_volume,cluster
Bitcoin,BTC,40859.46,770991461396.0,2022-03-16,0.022,0.03,0.055,35390763321.0,0
Ethereum,ETH,2744.41,327104429349.0,2022-03-16,0.024,0.034,0.065,19748695312.0,0
Tether,USDT,1.0,79965155138.0,2022-03-16,-0.001,-0.001,0.0,57934969077.0,0
BNB,BNB,383.43,64043816800.0,2022-03-16,0.018,0.0279999999999999,0.004,1395853984.0,0
USD Coin,USDC,0.999874,52222137400.0,2022-03-16,-0.001,0.0,-0.0,3872273611.0,0
XRP,XRP,0.785018,37530785877.0,2022-03-16,0.019,0.019,0.089,3925204682.0,0
Terra,LUNA,89.51,32945963147.0,2022-03-16,0.024,-0.005,0.046,2661508267.0,0
Solana,SOL,85.61,27535891424.0,2022-03-16,0.024,0.0139999999999999,0.0409999999999999,1776167313.0,0
Cardano,ADA,0.824161,26331888060.0,2022-03-16,0.016,0.016,0.0279999999999999,950718327.0,0
Polkadot,DOT,18.55,20175265447.0,2022-03-16,0.031,0.035,0.095,762198942.0,0
Avalanche,AVAX,73.69,19563622731.0,2022-03-16,0.034,0.032,0.011,866838890.0,0
Binance USD,BUSD,1.0,17975175881.0,2022-03-16,-0.002,0.002,0.002,4039490120.0,0
Dogecoin,DOGE,0.11566,15312260998.0,2022-03-16,0.015,0.023,-0.011,451839687.0,0
TerraUSD,UST,1.0,15025463384.0,2022-03-16,-0.001,0.003,0.001,742209053.0,0
Shiba Inu,SHIB,2.241815e-05,12186102832.0,2022-03-16,0.024,0.0279999999999999,-0.021,546344871.0,0
Wrapped Bitcoin,WBTC,40820.44,11077637101.0,2022-03-16,0.02,0.03,0.055,443045583.0,0
Cronos,CRO,0.401575,10108572460.0,2022-03-16,0.018,0.043,0.038,99233479.0,0
Polygon,MATIC,1.44,9860943646.0,2022-03-16,0.0289999999999999,0.034,-0.0,665458992.0,0
Dai,DAI,0.999429,9375312310.0,2022-03-16,-0.0,-0.001,-0.0,311112491.0,0
Cosmos Hub,ATOM,28.8,8346059118.0,2022-03-16,0.017,0.051,0.035,784802946.0,0
Litecoin,LTC,109.44,7629784997.0,2022-03-16,0.016,0.013,0.089,735718470.0,0
Lido Staked Ether,STETH,2745.31,6972219575.0,2022-03-16,0.026,0.035,0.067,20327033.0,0
Near,NEAR,10.61,6885969777.0,2022-03-16,0.0409999999999999,0.032,0.091,402450393.0,1
Chainlink,LINK,14.41,6696893329.0,2022-03-16,0.023,0.064,0.102,720924698.0,1
TRON,TRX,0.060751875857,6139215131.0,2022-03-16,0.011,0.005,0.003,608305288.0,0
FTX Token,FTT,42.37,5803217982.0,2022-03-16,0.02,0.024,0.045,91093038.0,0
Bitcoin Cash,BCH,295.57,5613130722.0,2022-03-16,0.018,0.015,0.039,1378527955.0,0
LEO Token,LEO,5.97,5547865232.0,2022-03-16,0.0069999999999999,0.01,0.055,831673.0,0
OKB,OKB,19.05,4944831000.0,2022-03-16,0.013,0.039,0.072,180398248.0,0
Algorand,ALGO,0.731009,4824820884.0,2022-03-16,0.025,0.0139999999999999,-0.01,151572159.0,0
Stellar,XLM,0.186969,4584325546.0,2022-03-16,0.017,0.026,0.079,257508818.0,0
Uniswap,UNI,9.05,4103226435.0,2022-03-16,0.032,0.04,0.025,188489995.0,0
Hedera,HBAR,0.200008,3922919996.0,2022-03-16,0.012,-0.0069999999999999,-0.024,65559083.0,0
Axie Infinity,AXS,50.46,3733676299.0,2022-03-16,0.036,0.062,0.089,288996469.0,1
Decentraland,MANA,2.43,3652548066.0,2022-03-16,0.021,0.065,0.0139999999999999,481292822.0,0
Ethereum Classic,ETC,26.93,3573077723.0,2022-03-16,0.0279999999999999,0.031,0.01,315618129.0,0
Elrond,EGLD,162.55,3550487729.0,2022-03-16,0.025,0.049,0.2289999999999999,318813970.0,1
The Sandbox,SAND,3.08,3486478110.0,2022-03-16,0.009,0.126,0.092,989130040.0,1
Internet Computer,ICP,16.26,3447698400.0,2022-03-16,0.02,0.019,-0.035,158065484.0,0
Monero,XMR,189.34,3416516046.0,2022-03-16,0.003,0.011,-0.073,251596905.0,0
cETH,CETH,53.71,3191011869.0,2022-03-16,-0.001,0.009,0.04,1088.54,0
VeChain,VET,0.047848054559,3172681612.0,2022-03-16,0.0279999999999999,0.033,0.0279999999999999,283498801.0,0
Fantom,FTM,1.22,3072929159.0,2022-03-16,0.043,0.022,-0.079,1173101401.0,0
Filecoin,FIL,17.27,3052322720.0,2022-03-16,0.016,0.01,-0.0409999999999999,264401106.0,0
Osmosis,OSMO,9.39,3040277019.0,2022-03-16,0.0139999999999999,0.018,-0.001,94042665.0,0
Klaytn,KLAY,1.1,3034567731.0,2022-03-16,0.016,0.023,-0.012,57133059.0,0
Frax,FRAX,0.998392,2866968260.0,2022-03-16,-0.002,0.001,-0.0,18194194.0,0
Waves,WAVES,28.62,2862185867.0,2022-03-16,0.0139999999999999,0.081,0.273,1508088374.0,1
Theta Network,THETA,2.82,2798708447.0,2022-03-16,0.032,0.033,-0.004,118835496.0,0
Magic Internet Money,MIM,0.997676,2784271477.0,2022-03-16,0.0,0.004,0.002,44641451.0,0
The Graph,GRT,0.440816,2731591470.0,2022-03-16,0.003,0.0409999999999999,0.315,388652958.0,0
Tezos,XTZ,3.05,2665887669.0,2022-03-16,0.021,0.025,0.013,114838106.0,0
cUSDC,CUSDC,0.022533007284,2449140377.0,2022-03-16,-0.001,0.001,0.001,41.83,0
Helium,HNT,21.72,2183873719.0,2022-03-16,-0.002,0.048,0.026,22415718.0,0
THORChain,RUNE,7.23,2165143023.0,2022-03-16,0.04,-0.059,0.769,297836092.0,1
EOS,EOS,2.06,2019196307.0,2022-03-16,0.019,0.032,0.048,337828464.0,0
ECOMI,OMI,0.003406821495,1976983567.0,2022-03-16,0.019,0.027,-0.2189999999999999,3444049.0,0
IOTA,MIOTA,0.712336,1976598984.0,2022-03-16,0.018,0.011,0.012,26950213.0,0
cDAI,CDAI,0.021895790224,1942222665.0,2022-03-16,-0.001,0.0,-0.0,93.89,0
Flow,FLOW,5.43,1923544184.0,2022-03-16,0.017,0.023,-0.053,57457444.0,0
Theta Fuel,TFUEL,0.162482,1886178774.0,2022-03-16,0.024,0.0069999999999999,0.064,16105407.0,0
Aave,AAVE,137.44,1862097786.0,2022-03-16,0.037,0.131,0.129,282336331.0,1
Zcash,ZEC,148.94,1801878133.0,2022-03-16,0.02,0.065,0.075,276825707.0,0
Maker,MKR,1982.58,1772467945.0,2022-03-16,0.0289999999999999,0.071,0.129,92847731.0,1
JUNO,JUNO,38.35,1747597737.0,2022-03-16,0.018,0.096,-0.03,11491328.0,0
Gala,GALA,0.227781,1714837250.0,2022-03-16,0.026,0.047,0.037,551763058.0,0
BitTorrent,BTT,1.812224e-06,1675881629.0,2022-03-16,0.0069999999999999,0.022,0.003,87836205.0,0
Arweave,AR,32.52,1637697784.0,2022-03-16,-0.003,0.074,0.002,50636342.0,0
Huobi BTC,HBTC,41217.27,1637583015.0,2022-03-16,0.026,0.039,0.068,190002.0,0
PancakeSwap,CAKE,5.57,1530696417.0,2022-03-16,0.026,0.01,-0.068,104112686.0,0
Quant,QNT,112.58,1505335556.0,2022-03-16,0.018,0.003,0.013,23727064.0,0
Harmony,ONE,0.127445,1499937034.0,2022-03-16,0.025,0.017,-0.012,75144435.0,0
eCash,XEC,7.9294818e-05,1497455570.0,2022-03-16,0.019,-0.005,0.144,37446216.0,0
Bitcoin SV,BSV,77.11,1461042552.0,2022-03-16,0.013,0.015,-0.019,135219354.0,0
NEO,NEO,20.13,1406977569.0,2022-03-16,0.024,0.0279999999999999,-0.017,148274906.0,0
TrueUSD,TUSD,1.0,1404670246.0,2022-03-16,0.0,0.001,0.001,114862495.0,0
Huobi Token,HT,8.98,1392164927.0,2022-03-16,0.01,0.009,-0.025,32112940.0,0
KuCoin Token,KCS,18.41,1390455505.0,2022-03-16,0.0139999999999999,0.009,0.02,8578734.0,0
Celsius Network,CEL,3.18,1346075894.0,2022-03-16,0.009,0.032,0.098,3927635.0,0
Stacks,STX,1.26,1317492670.0,2022-03-16,0.018,0.026,0.183,44370134.0,0
Humans.ai,HEART,0.044270474958,1309127902.0,2022-03-16,0.025,0.086,-0.547,1852838.0,0
Enjin Coin,ENJ,1.4,1300650179.0,2022-03-16,0.018,0.05,0.046,133821819.0,0
Basic Attention Token,BAT,0.822605,1223583998.0,2022-03-16,0.021,0.055,0.251,324813983.0,1
NEXO,NEXO,2.19,1222563065.0,2022-03-16,0.015,0.031,0.098,4583402.0,0
Amp,AMP,0.025036137658,1198878147.0,2022-03-16,0.018,0.0069999999999999,0.003,8084731.0,0
Radix,XRD,0.121859,1198319388.0,2022-03-16,0.015,0.064,-0.001,215995.0,0
Kusama,KSM,126.84,1132594631.0,2022-03-16,0.025,0.04,0.038,65896976.0,0
Celo,CELO,2.52,1074226736.0,2022-03-16,0.022,0.037,-0.076,46620149.0,0
Kadena,KDA,6.23,1061714057.0,2022-03-16,0.024,0.009,0.031,58659719.0,0
Chiliz,CHZ,0.198241,1049331415.0,2022-03-16,0.026,0.024,0.02,109408277.0,0
Dash,DASH,97.64,1035525179.0,2022-03-16,0.016,0.005,0.03,245449241.0,0
Frax Share,FXS,17.92,1031430071.0,2022-03-16,0.006,-0.011,0.006,4834916.0,0
Pax Dollar,USDP,0.999025,994783973.0,2022-03-16,-0.002,0.001,-0.001,57639449.0,0
BitDAO,BIT,1.12,993438990.0,2022-03-16,0.025,0.019,0.036,54570658.0,0
GateToken,GT,6.52,979761512.0,2022-03-16,0.012,0.031,-0.005,7695401.0,0
Convex Finance,CVX,18.29,979304335.0,2022-03-16,0.038,0.054,0.147,45253981.0,1
Synthetix Network Token,SNX,4.24,903998693.0,2022-03-16,0.053,0.079,0.084,63349615.0,1
Xido Finance,XIDO,30.86,893636559.0,2022-03-16,-0.027,-0.049,0.7659999999999999,1464061.0,0
Loopring,LRC,0.710702,881663508.0,2022-03-16,0.03,0.035,-0.033,112235393.0,0
NEM,XEM,0.098240605826,879585159.0,2022-03-16,0.021,0.043,0.037,20866042.0,0
Anchor Protocol,ANC,3.1,807556039.0,2022-03-16,0.06,0.088,-0.18,107525684.0,1
Oasis Network,ROSE,0.227889,794382929.0,2022-03-16,0.036,0.07,0.027,65843862.0,1
Curve DAO Token,CRV,2.02,791197822.0,2022-03-16,0.026,0.022,-0.006,150926378.0,0
Decred,DCR,56.87,787162797.0,2022-03-16,0.02,0.143,0.088,25032753.0,1
cUSDT,CUSDT,0.021768404499,775425368.0,2022-03-16,0.0,0.0,0.0,8111.5,0
Secret,SCRT,4.61,763750478.0,2022-03-16,0.017,0.008,0.027,19871872.0,0
LINK,LN,129.46,759436472.0,2022-03-16,0.036,0.018,0.024,1207902.0,0
Mina Protocol,MINA,1.81,756143474.0,2022-03-16,0.015,0.105,-0.004,70360743.0,0
Holo,HOT,0.00414796568,734353201.0,2022-03-16,0.027,0.027,0.0279999999999999,63199499.0,0
Compound,COMP,109.58,726097698.0,2022-03-16,0.026,0.045,0.052,40756551.0,0
IoTeX,IOTX,0.076638517501,717099434.0,2022-03-16,0.042,0.0069999999999999,0.1169999999999999,91722669.0,0
Bitkub Coin,KUB,7.89,698922310.0,2022-03-16,0.004,0.0,-0.034,2193655.0,0
Neutrino USD,USDN,1.0,687954763.0,2022-03-16,0.003,-0.001,0.0069999999999999,15319422.0,0
yearn.finance,YFI,18982.86,678377900.0,2022-03-16,0.017,0.017,-0.0139999999999999,81875140.0,0
Nexus Mutual,NXM,92.51,633750394.0,2022-03-16,0.026,0.035,0.065,1909.73,0
XDC Network,XDC,0.050635431946,616292915.0,2022-03-16,-0.002,-0.022,0.0969999999999999,9930593.0,0
1inch,1INCH,1.5,616145134.0,2022-03-16,0.021,0.111,0.163,120457113.0,1
WAX,WAXP,0.274089,615219740.0,2022-03-16,0.021,0.02,0.0,26837225.0,0
Smooth Love Potion,SLP,0.016547553043,614525601.0,2022-03-16,0.019,0.018,-0.076,99341158.0,0
Qtum,QTUM,5.95,612948390.0,2022-03-16,0.0289999999999999,0.023,0.036,79032386.0,0
PAX Gold,PAXG,1935.78,611668819.0,2022-03-16,0.0069999999999999,0.005,-0.057,30748651.0,0
Sushi,SUSHI,3.12,603245561.0,2022-03-16,0.036,0.069,0.0819999999999999,132202954.0,1
renBTC,RENBTC,40555.22,602582895.0,2022-03-16,0.016,0.034,0.048,14829115.0,0
Livepeer,LPT,23.82,589774119.0,2022-03-16,0.03,0.023,0.024,11291907.0,0
Ankr,ANKR,0.072181812557,587511707.0,2022-03-16,0.023,0.016,-0.064,40789205.0,0
Bancor Network Token,BNT,2.29,583581643.0,2022-03-16,0.017,0.033,0.062,26117403.0,0
Pocket Network,POKT,0.699085,580439408.0,2022-03-16,0.019,-0.003,-0.055,974551.0,0
Marinade staked SOL,MSOL,88.63,578275391.0,2022-03-16,0.025,0.0139999999999999,0.043,18662090.0,0
OMG Network,OMG,4.11,574825195.0,2022-03-16,0.019,0.016,0.081,106689838.0,0
Zilliqa,ZIL,0.041008132304,571307984.0,2022-03-16,0.033,0.032,0.047,37965285.0,0
SafeMoon,SFM,0.001028389235,566255393.0,2022-03-16,0.038,-0.034,-0.088,406894.0,0
Render Token,RNDR,2.43,560228533.0,2022-03-16,0.024,0.035,-0.031,23720000.0,0
Fei USD,FEI,1.0,557210659.0,2022-03-16,0.001,0.0,0.003,10254055.0,0
Gnosis,GNO,298.83,553256284.0,2022-03-16,0.021,0.025,-0.003,2883611.0,0
ICON,ICX,0.753601,549632622.0,2022-03-16,0.026,-0.013,0.21,45059623.0,0
Ravencoin,RVN,0.051804162049,538520749.0,2022-03-16,0.027,0.042,0.006,19390191.0,0
IOST,IOST,0.022568760363,517770891.0,2022-03-16,0.025,0.011,0.015,35343794.0,0
Bitcoin Gold,BTG,29.74,517358240.0,2022-03-16,0.018,0.0279999999999999,0.032,9146317.0,0
Kava,KAVA,3.16,504959645.0,2022-03-16,0.023,0.035,0.034,22753924.0,0
UMA,UMA,7.74,503487995.0,2022-03-16,0.018,0.018,-0.016,46067620.0,0
OEC Token,OKT,32.27,488521386.0,2022-03-16,0.023,0.01,-0.062,5163788.0,0
Songbird,SGB,0.062799688152,486741272.0,2022-03-16,0.022,0.006,-0.1369999999999999,2629530.0,0
e-Radix,EXRD,0.122181,484119330.0,2022-03-16,0.022,0.063,0.004,2588295.0,0
Velas,VLX,0.213154,483094532.0,2022-03-16,-0.0,0.004,-0.037,4105033.0,0
Rocket Pool,RPL,30.03,480593962.0,2022-03-16,0.024,0.0409999999999999,0.15,578038.0,0
Tether Gold,XAUT,1950.12,480346972.0,2022-03-16,0.003,-0.002,-0.044,3689853.0,0
Moonbeam,GLMR,2.38,476681084.0,2022-03-16,0.023,0.038,-0.036,37324761.0,0
Sapphire,SAPP,0.564647,470978131.0,2022-03-16,0.02,0.001,0.0139999999999999,432768.0,0
Horizen,ZEN,38.73,469969529.0,2022-03-16,0.015,0.061,0.026,29127070.0,0
WOO Network,WOO,0.492556,467152311.0,2022-03-16,0.019,0.087,0.124,60339780.0,1
Liquity USD,LUSD,1.0,464727068.0,2022-03-16,0.0,0.0,-0.008,3222808.0,0
Golem,GLM,0.465346,464458665.0,2022-03-16,0.016,0.022,-0.085,15905189.0,0
Rally,RLY,0.180078,464413872.0,2022-03-16,0.026,0.001,-0.0579999999999999,3356848.0,0
Baby Doge Coin,BABYDOGE,2.864e-09,452640717.0,2022-03-16,0.026,0.021,-0.039,10651029.0,0
Audius,AUDIO,0.735289,447883958.0,2022-03-16,0.027,0.026,0.02,7909768.0,0
Siacoin,SC,0.008880296534,446937901.0,2022-03-16,0.018,0.022,-0.004,12295120.0,0
Metis Token,METIS,146.38,436965500.0,2022-03-16,0.026,0.009,-0.047,38905039.0,0
Ontology,ONT,0.499727,433758425.0,2022-03-16,0.021,0.0289999999999999,-0.011,30824913.0,0
0x,ZRX,0.509791,427933388.0,2022-03-16,0.025,0.035,0.0279999999999999,29309302.0,0
APENFT,NFT,1.523622e-06,421365369.0,2022-03-16,0.004,0.005,-0.047,69002807.0,0
SKALE,SKL,0.12635,407687711.0,2022-03-16,0.013,0.043,0.1119999999999999,11283316.0,0
SwissBorg,CHSB,0.428284,403883855.0,2022-03-16,0.022,0.026,-0.054,1063375.0,0
dYdX,DYDX,4.64,396760804.0,2022-03-16,0.0289999999999999,0.032,-0.036,95015055.0,0
Dogelon Mars,ELON,7.24104e-07,394017729.0,2022-03-16,0.043,0.072,0.0279999999999999,10950097.0,1
Olympus,OHM,28.12,390854092.0,2022-03-16,0.0139999999999999,-0.019,-0.086,3529301.0,0
Constellation,DAG,0.152116,382521151.0,2022-03-16,0.013,-0.013,0.249,1019712.0,0
Synapse,SYN,2.17,380868743.0,2022-03-16,0.012,-0.078,0.0,9229483.0,0
Immutable X,IMX,1.57,365315958.0,2022-03-16,0.043,0.012,0.049,87629552.0,0
Convex CRV,CVXCRV,1.95,364340007.0,2022-03-16,0.038,0.021,0.0069999999999999,96902.91,0
Everdome,DOME,0.042328407322,363656510.0,2022-03-16,-0.004,0.09,-0.07,44769576.0,0
Gemini Dollar,GUSD,1.0,355825684.0,2022-03-16,0.003,0.001,0.001,3181078.0,0
JUST,JST,0.048936163597,355779812.0,2022-03-16,0.013,0.005,0.033,74944693.0,0
Decentralized Social,DESO,33.97,354095011.0,2022-03-16,0.005,0.111,0.192,768392.0,1
Polymath,POLY,0.384838,344258737.0,2022-03-16,0.017,0.0139999999999999,-0.036,12205658.0,0
NuCypher,NU,0.419373,342894249.0,2022-03-16,0.004,0.01,-0.098,4321357.0,0
REN,REN,0.338855,337192089.0,2022-03-16,0.032,0.012,-0.012,41048178.0,0
Keep Network,KEEP,0.609779,333366751.0,2022-03-16,0.012,0.019,-0.066,2299639.0,0
Illuvium,ILV,519.92,332435430.0,2022-03-16,0.023,0.038,0.033,11072513.0,0
Flux,FLUX,1.43,330216558.0,2022-03-16,0.016,0.022,0.087,15489371.0,0
Ethereum Name Service,ENS,14.05,326307175.0,2022-03-16,0.04,0.043,0.016,39284120.0,0
Hive,HIVE,0.869127,322775766.0,2022-03-16,0.015,0.0409999999999999,0.011,12455971.0,0
Lido DAO,LDO,2.98,321983024.0,2022-03-16,0.0409999999999999,0.085,0.515,4675420.0,1
STEPN,GMT,0.534126,318571623.0,2022-03-16,0.073,0.573,2.935,1013704817.0,1
Spell Token,SPELL,0.003547901833,317144040.0,2022-03-16,0.015,0.009,-0.059,27285439.0,0
Nervos Network,CKB,0.010554840501,316458006.0,2022-03-16,0.0139999999999999,0.02,-0.015,6162463.0,0
Kyber Network Crystal,KNC,3.06,313785580.0,2022-03-16,0.025,0.008,0.002,40287449.0,0
FLEX Coin,FLEX,3.97,311600507.0,2022-03-16,0.002,0.006,-0.002,1326196326.0,0
HUSD,HUSD,0.999103,310668205.0,2022-03-16,0.0,0.001,0.0,43235094.0,0
Ultra,UOS,1.15,308351253.0,2022-03-16,0.01,0.024,-0.037,8976424.0,0
ConstitutionDAO,PEOPLE,0.060612313279,307184638.0,2022-03-16,0.061,0.102,0.075,143678395.0,1
LooksRare,LOOKS,1.29,306843547.0,2022-03-16,0.086,0.177,0.231,48697099.0,1
DeFi Kingdoms,JEWEL,4.16,302825745.0,2022-03-16,0.04,0.016,-0.074,11440253.0,0
Telcoin,TEL,0.004899527146,301743735.0,2022-03-16,0.008,0.027,-0.011,2843059.0,0
Tomb,TOMB,1.18,300452818.0,2022-03-16,0.031,0.01,-0.054,14140774.0,0
Stargaze,STARS,0.401895,300351592.0,2022-03-16,0.0139999999999999,-0.005,-0.125,1726553.0,0
DigiByte,DGB,0.019668130187,297257419.0,2022-03-16,0.03,0.018,0.059,15693285.0,0
DigitalBits,XDB,0.389141,296998483.0,2022-03-16,0.023,0.216,0.209,3821494.0,1
Syscoin,SYS,0.468329,296323527.0,2022-03-16,0.023,-0.031,-0.074,12673226.0,0
Lisk,LSK,2.03,293297599.0,2022-03-16,0.015,0.006,0.019,7600165.0,0
Tokemak,TOKE,25.32,292863833.0,2022-03-16,0.03,0.076,-0.004,6123881.0,0
Nano,XNO,2.2,292516870.0,2022-03-16,-0.006,0.288,0.312,109830513.0,1
Tenset,10SET,3.3,289328276.0,2022-03-16,0.016,0.03,0.434,3059468.0,1
PlayDapp,PLA,0.797778,288940736.0,2022-03-16,0.021,0.04,-0.013,17641285.0,0
SafeMoon [OLD],SAFEMOON,5.06313e-07,277800683.0,2022-03-16,0.02,0.025,0.003,3503.42,0
Ronin,RON,1.86,276423433.0,2022-03-16,0.023,0.0289999999999999,-0.004,2243276.0,0
Persistence,XPRT,3.3,273550379.0,2022-03-16,0.012,0.045,0.038,2580206.0,0
Radio Caca,RACA,0.001341144021,273386276.0,2022-03-16,0.0279999999999999,0.0409999999999999,0.099,15540182.0,0
Pirate Chain,ARRR,1.44,269625697.0,2022-03-16,0.023,0.0279999999999999,0.312,1431339.0,0
MAI,MIMATIC,0.99909,269555684.0,2022-03-16,0.002,0.006,0.002,11703582.0,0
Casper Network,CSPR,0.063408018304,262580070.0,2022-03-16,0.023,0.1009999999999999,0.019,11186869.0,1
Everscale,EVER,0.191627,261949792.0,2022-03-16,-0.011,-0.009,0.001,6416.99,0
SXP,SXP,1.34,258788391.0,2022-03-16,0.022,0.059,0.038,71885529.0,0
Floki Inu,FLOKI,2.8340322e-05,257703958.0,2022-03-16,0.04,0.042,-0.037,6481180.0,0
Zenon,ZNN,5.35,257245207.0,2022-03-16,0.011,0.025,-0.019,42667.91,0
Injective,INJ,5.33,256116913.0,2022-03-16,0.027,0.024,0.021,16026155.0,0
MXC,MXC,0.104299,255853059.0,2022-03-16,-0.0,0.031,0.175,21346445.0,0
WINkLink,WIN,0.00026633365,255157055.0,2022-03-16,0.011,0.02,-0.009,126343198.0,0
WazirX,WRX,0.558123,254216018.0,2022-03-16,0.012,-0.002,-0.073,7071983.0,0
Perpetual Protocol,PERP,3.85,251018197.0,2022-03-16,0.019,0.012,-0.009,8343005.0,0
Mobox,MBOX,2.04,250469440.0,2022-03-16,0.026,-0.024,0.06,38070293.0,0
Astroport,ASTRO,2.02,249658255.0,2022-03-16,0.034,-0.001,0.396,5991169.0,1
Trust Wallet Token,TWT,0.721272,248213542.0,2022-03-16,0.026,-0.084,0.065,45061838.0,0
Serum,SRM,1.87,247791442.0,2022-03-16,0.02,0.026,0.034,40405418.0,0
Coin98,C98,1.34,247303702.0,2022-03-16,0.024,0.035,0.066,52212880.0,0
Mirror Protocol,MIR,1.71,247146075.0,2022-03-16,0.016,-0.046,0.13,109251651.0,0
Zipmex Token,ZMT,2.79,246790193.0,2022-03-16,-0.002,0.004,-0.005,14206660.0,0
Tribe,TRIBE,0.543192,246535822.0,2022-03-16,0.011,0.01,0.0289999999999999,8017450.0,0
VVS Finance,VVS,2.2321211e-05,235411080.0,2022-03-16,0.018,0.022,-0.087,3849460.0,0
Metahero,HERO,0.045156504195,233755062.0,2022-03-16,0.023,0.034,-0.106,8366250.0,0
Creditcoin,CTC,1.14,233390471.0,2022-03-16,0.015,0.015,0.023,3179625.0,0
Lido Staked SOL,STSOL,87.91,233265607.0,2022-03-16,0.024,0.013,0.04,4624558.0,0
API3,API3,4.7,230984150.0,2022-03-16,0.0279999999999999,-0.008,-0.1009999999999999,29731985.0,0
Escoin Token,ELG,3.37,228752259.0,2022-03-16,0.024,0.021,0.051,685965.0,0
Function X,FX,0.488809,228173732.0,2022-03-16,0.019,0.005,-0.005,2065790.0,0
Raydium,RAY,2.51,227133027.0,2022-03-16,0.013,0.0559999999999999,0.035,33025947.0,0
CoinEx Token,CET,0.061152343679,226665111.0,2022-03-16,0.005,0.035,0.072,862651.0,0
Euro Tether,EURT,1.1,226370344.0,2022-03-16,0.004,0.008,0.012,25282592.0,0
Fetch.ai,FET,0.327851,224454559.0,2022-03-16,0.022,0.0069999999999999,0.024,21546674.0,0
Dent,DENT,0.002351313514,223840664.0,2022-03-16,0.023,0.017,0.008,18982568.0,0
Chia,XCH,65.15,221396095.0,2022-03-16,0.012,-0.021,-0.084,10252044.0,0
Status,SNT,0.056745127667,219753630.0,2022-03-16,0.012,0.0069999999999999,-0.034,7688360.0,0
Power Ledger,POWR,0.503878,216689443.0,2022-03-16,0.01,0.005,-0.023,32211271.0,0
Medibloc,MED,0.040119247871,215001420.0,2022-03-16,0.011,0.025,0.025,7724520.0,0
xSUSHI,XSUSHI,3.8,213613208.0,2022-03-16,0.002,0.033,0.055,107293.0,0
Chromia,CHR,0.37938,213564555.0,2022-03-16,0.0289999999999999,0.045,0.031,58407751.0,0
Yield Guild Games,YGG,2.43,212099797.0,2022-03-16,0.027,0.009,-0.057,17537941.0,0
Telos,TLOS,0.819159,212084558.0,2022-03-16,0.02,0.052,-0.096,4398496.0,0
COTI,COTI,0.201515,210898806.0,2022-03-16,0.017,0.048,0.008,15582614.0,0
Alchemix USD,ALUSD,0.997171,208898318.0,2022-03-16,-0.001,-0.001,0.0,3032734.0,0
Celer Network,CELR,0.037068909834,208463091.0,2022-03-16,0.0289999999999999,0.0279999999999999,-0.003,35862409.0,0
Orbs,ORBS,0.072194784903,208178410.0,2022-03-16,0.006,0.02,0.023,28204447.0,0
Vulcan Forged,PYR,8.73,207895650.0,2022-03-16,0.027,0.039,-0.044,38526780.0,0
Energy Web Token,EWT,4.91,205388247.0,2022-03-16,0.015,-0.009,0.042,2224285.0,0
Astar,ASTR,0.10323,205235595.0,2022-03-16,0.009,0.0069999999999999,0.032,7991761.0,0
Origin Protocol,OGN,0.434115,205164994.0,2022-03-16,0.0069999999999999,-0.068,0.612,182478529.0,0
Cratos,CRTS,0.002952176693,203670465.0,2022-03-16,-0.009,-0.037,-0.13,13535131.0,0
Ocean Protocol,OCEAN,0.469383,202627972.0,2022-03-16,0.0279999999999999,0.051,0.074,22022827.0,0
XYO Network,XYO,0.016347118202,202482367.0,2022-03-16,0.001,0.009,-0.032,4569339.0,0
Dopex,DPX,1126.14,200498616.0,2022-03-16,0.034,0.006,0.031,4629323.0,0
PLEX,PLEX,0.815228,198958494.0,2022-03-16,0.013,0.0279999999999999,-0.008,15377424.0,0
LUKSO Token,LYXE,13.05,198688328.0,2022-03-16,0.016,0.015,-0.001,1147300.0,0
DAO Maker,DAO,2.19,196210425.0,2022-03-16,0.012,-0.01,-0.042,3559341.0,0
Boba Network,BOBA,1.21,192933914.0,2022-03-16,0.0069999999999999,0.061,0.136,4382013.0,0
Mdex,MDX,0.223833,192821569.0,2022-03-16,0.018,0.0289999999999999,0.051,7274677.0,0
UFO Gaming,UFO,7.530048e-06,191533622.0,2022-03-16,0.03,0.033,-0.009,5098371.0,0
Ardor,ARDR,0.192938,191059042.0,2022-03-16,0.0139999999999999,0.02,-0.011,6272018.0,0
Pundi X,PUNDIX,0.740085,190637766.0,2022-03-16,0.0139999999999999,0.022,-0.006,4296268.0,0
Mask Network,MASK,4.05,189430950.0,2022-03-16,0.032,0.07,0.023,46857218.0,1
Kyber Network Crystal Legacy,KNCL,3.07,189342359.0,2022-03-16,0.025,0.02,-0.0,191301772.0,0
Interest Bearing Bitcoin,IBBTC,40647.97,187618251.0,2022-03-16,0.019,0.023,0.052,3253.9,0
Coinmetro,XCM,0.609647,184318822.0,2022-03-16,0.005,-0.055,-0.017,54700.31,0
MX Token,MX,1.86,184031159.0,2022-03-16,0.016,0.017,0.0289999999999999,380193.0,0
Reserve Rights Token,RSR,0.013806375745,182389151.0,2022-03-16,0.015,0.136,0.133,58160962.0,1
Radicle,RAD,4.43,182383890.0,2022-03-16,0.018,0.016,0.021,5082786.0,0
Conflux,CFX,0.116231,180397101.0,2022-03-16,0.02,0.0069999999999999,-0.072,4957635.0,0
Wonderland,TIME,196.83,179963381.0,2022-03-16,0.017,0.011,-0.085,1483133.0,0
XSGD,XSGD,0.73676,179572544.0,2022-03-16,0.004,0.004,0.006,4120965.0,0
MiL.k Alliance,MLK,0.81278,179537968.0,2022-03-16,0.012,0.0289999999999999,0.0279999999999999,6771412.0,0
Civic,CVC,0.268256,179389403.0,2022-03-16,0.024,0.0559999999999999,0.032,15009057.0,0
Unibright,UBT,1.18,177414204.0,2022-03-16,0.022,0.176,0.654,2875621.0,1
Aragon,ANT,4.62,176410722.0,2022-03-16,0.027,0.05,0.051,31404911.0,0
Yoshi.exchange,YOSHI,1.34,173731724.0,2022-03-16,0.038,0.135,0.244,3113291.0,1
SuperFarm,SUPER,0.606166,173202752.0,2022-03-16,0.025,0.012,0.023,15865086.0,0
Divi,DIVI,0.06259333954,172881299.0,2022-03-16,-0.003,0.057,-0.0409999999999999,232874.0,0
BTSE Token,BTSE,8.42,170044358.0,2022-03-16,0.006,0.012,0.127,1644847.0,0
GMX,GMX,22.78,168867621.0,2022-03-16,0.0279999999999999,0.038,-0.062,3864455.0,0
Request,REQ,0.218404,168625356.0,2022-03-16,0.018,-0.001,0.122,18881863.0,0
Multichain,MULTI,9.19,168453270.0,2022-03-16,0.0139999999999999,0.049,-0.195,1481745.0,0
Ergo,ERG,3.26,168320273.0,2022-03-16,0.006,0.004,0.0819999999999999,945449.0,0
Rari Governance Token,RGT,14.92,167699043.0,2022-03-16,0.021,-0.025,0.02,590959.0,0
FEG Token BSC,FEG,3.984e-09,166612893.0,2022-03-16,0.0279999999999999,0.0,0.05,505356.0,0
Alchemy Pay,ACH,0.040564968565,166194387.0,2022-03-16,0.018,0.035,-0.003,9350241.0,0
Numeraire,NMR,28.13,165855215.0,2022-03-16,0.013,0.027,0.0,5247599.0,0
Power Cash,PRCH,0.000548739722,164420955.0,2022-03-16,-0.01,-0.023,-0.0069999999999999,107256.0,0
Moonriver,MOVR,48.85,163974343.0,2022-03-16,0.021,-0.025,-0.062,23687001.0,0
sBTC,SBTC,40609.35,162541982.0,2022-03-16,0.02,0.026,0.054,1195100.0,0
Cartesi,CTSI,0.311626,161866858.0,2022-03-16,0.02,-0.01,0.02,16935581.0,0
JOE,JOE,0.883671,161542087.0,2022-03-16,0.032,0.035,-0.0969999999999999,8255024.0,0
Veritaseum,VERI,75.29,161292251.0,2022-03-16,0.034,0.502,0.4,128316.0,1
Bifrost,BFC,0.149179,157313585.0,2022-03-16,0.013,0.017,0.01,1366910.0,0
inSure DeFi,SURE,0.005989952985,156870603.0,2022-03-16,0.025,0.121,0.163,1229192.0,1
Aurora,AURORA,6.85,155499279.0,2022-03-16,-0.001,-0.02,-0.059,1292731.0,0
AscendEx Token,ASD,0.210282,154656421.0,2022-03-16,0.006,-0.012,-0.03,2234800.0,0
Reef Finance,REEF,0.008455524242,153505883.0,2022-03-16,0.024,0.025,0.034,21823319.0,0
World Mobile Token,WMT,0.656382,153058923.0,2022-03-16,0.002,0.005,-0.005,1215991.0,0
Mango,MNGO,0.148804,152354623.0,2022-03-16,0.021,0.011,-0.026,535237.0,0
Beldex,BDX,0.101366,152144019.0,2022-03-16,0.018,0.013,0.44,172723.0,0
Poollotto.finance,PLT,17.61,152110576.0,2022-03-16,0.004,0.004,0.015,737205.0,0
Biconomy,BICO,1.31,151360962.0,2022-03-16,0.012,0.077,0.035,29389338.0,0
FEG Token,FEG,3.708e-09,151073649.0,2022-03-16,0.017,0.009,0.024,1093047.0,0
BNB48 Club Token,KOGE,75.36,151006279.0,2022-03-16,0.006,0.016,-0.0005,8343005.0,0
Ion,ION,7053.41,150512232.0,2022-03-16,0.0069999999999999,0.001,-0.143,100410.0,0
MMFinance,MMF,1.1,150442869.0,2022-03-16,0.015,0.043,0.325,41252022.0,1
Origin Dollar,OUSD,0.993428,150338408.0,2022-03-16,0.001,-0.002,0.001,886336.0,0
Verge,XVG,0.009127060437,149908633.0,2022-03-16,0.024,0.027,-0.047,4578538.0,0
Kishu Inu,KISHU,1.544e-09,149823531.0,2022-03-16,0.046,0.094,0.147,7104908.0,1
Band Protocol,BAND,3.62,149778191.0,2022-03-16,0.027,0.05,0.043,25806815.0,0
Tokamak Network,TON,3.57,149004019.0,2022-03-16,0.01,0.025,-0.024,2216118.0,0
Storj,STORJ,1.04,147999404.0,2022-03-16,0.023,0.042,0.106,29384442.0,0
VeThor Token,VTHO,0.003245192677,147086117.0,2022-03-16,0.021,-0.004,0.062,5301268.0,0
USDX,USDX,0.969027,146788183.0,2022-03-16,0.008,0.015,0.001,876536.0,0
OriginTrail,TRAC,0.400529,146343514.0,2022-03-16,0.016,0.009,-0.042,2381151.0,0
Merit Circle,MC,2.09,146317069.0,2022-03-16,0.025,0.068,0.036,25892084.0,0
aelf,ELF,0.318783,145914636.0,2022-03-16,0.018,0.016,-0.012,12922826.0,0
Akash Network,AKT,1.09,145104697.0,2022-03-16,0.016,-0.001,0.019,1755865.0,0
GPEX,GPX,3.83,144648026.0,2022-03-16,0.006,0.002,-0.072,179427.0,0
StarLink,STARL,1.4396811e-05,143867182.0,2022-03-16,0.045,0.022,-0.004,13867876.0,0
Pundi X [OLD],NPXS,0.000600991914,142146180.0,2022-03-16,0.0,-0.015,-0.128,0.0,0
Acala,ACA,1.1,140584940.0,2022-03-16,0.035,0.022,0.018,13275096.0,0
Orchid Protocol,OXT,0.237795,139760673.0,2022-03-16,0.021,0.0,0.066,12106980.0,0
Beta Finance,BETA,0.387492,138948965.0,2022-03-16,0.019,0.012,-0.072,18604900.0,0
Ark,ARK,0.834377,137522294.0,2022-03-16,0.0069999999999999,0.017,-0.0279999999999999,2749604.0,0
STASIS EURO,EURS,1.1,136959838.0,2022-03-16,0.006,0.008,0.0139999999999999,4643750.0,0
Magic,MAGIC,2.78,136718105.0,2022-03-16,0.069,0.283,0.004,7430205.0,1
Keep3rV1,KP3R,360.63,135437476.0,2022-03-16,0.0069999999999999,0.022,0.006,22218089.0,0
Polkastarter,POLS,1.54,135061007.0,2022-03-16,0.03,-0.012,0.31,200132514.0,0
Hxro,HXRO,0.305377,133894630.0,2022-03-16,0.008,0.0139999999999999,-0.062,133516.0,0
flexUSD,FLEXUSD,1.01,132954034.0,2022-03-16,0.001,0.0,0.004,179309.0,0
Bezoge Earth,BEZOGE,3.051e-09,132913608.0,2022-03-16,0.012,-0.005,-0.0409999999999999,189402.0,0
MaidSafeCoin,MAID,0.29492,132775927.0,2022-03-16,0.023,0.01,0.045,3041.72,0
Prometeus,PROM,7.96,130200675.0,2022-03-16,0.017,0.008,0.015,1069360.0,0
Iron Bank EURO,IBEUR,1.08,130044220.0,2022-03-16,0.0,-0.004,0.009,95258.1,0
Metadium,META,0.076908861633,129878030.0,2022-03-16,0.0069999999999999,-0.036,0.046,32828560.0,0
Sperax,SPA,0.166557,129752776.0,2022-03-16,0.008,-0.017,-0.021,464074.0,0
iExec RLC,RLC,1.81,129524554.0,2022-03-16,0.019,0.057,0.075,6449965.0,0
DUSK Network,DUSK,0.325281,129420731.0,2022-03-16,0.021,-0.046,-0.038,27805515.0,0
DEAPCOIN,DEP,0.027606422572,128916638.0,2022-03-16,0.004,-0.009,-0.133,5292541.0,0
StormX,STMX,0.01399186433,128800635.0,2022-03-16,0.025,0.022,0.003,2316593.0,0
RMRK,RMRK,13.65,128405686.0,2022-03-16,0.03,0.044,0.006,4743523.0,0
Qredo,QRDO,2.55,126060547.0,2022-03-16,0.035,0.134,0.089,23819831.0,1
Stratis,STRAX,0.931273,125656753.0,2022-03-16,0.015,0.026,-0.0139999999999999,3193483.0,0
STP Network,STPT,0.085865788522,125461512.0,2022-03-16,0.0069999999999999,0.006,-0.0409999999999999,11751380.0,0
Steem,STEEM,0.315524,124507907.0,2022-03-16,0.013,0.01,0.009,6019119.0,0
Alpha Finance,ALPHA,0.279294,124373230.0,2022-03-16,0.018,0.054,0.021,7405255.0,0
NKN,NKN,0.192439,124009174.0,2022-03-16,0.03,0.078,0.064,9196680.0,1
RSK Infrastructure Framework,RIF,0.150149,123524355.0,2022-03-16,0.017,0.032,0.0069999999999999,1193005.0,0
Balancer,BAL,11.45,123217404.0,2022-03-16,0.0279999999999999,0.022,0.01,24421512.0,0
Dawn Protocol,DAWN,1.7,122765002.0,2022-03-16,0.016,0.023,0.033,2418035.0,0
GXChain,GXC,1.64,122187268.0,2022-03-16,0.021,-0.008,-0.019,11166637.0,0
Sun Token,SUN,0.01159957152,121791772.0,2022-03-16,0.012,0.013,0.02,35127631.0,0
Dero,DERO,10.86,120268451.0,2022-03-16,0.034,0.015,-0.141,810741.0,0
Kirobo,KIRO,0.126408,119964465.0,2022-03-16,0.019,0.019,-0.074,30233.26,0
Alien Worlds,TLM,0.096545880435,119120382.0,2022-03-16,0.036,0.039,-0.002,44383919.0,0
Strike,STRK,37.95,118658676.0,2022-03-16,0.0069999999999999,0.0139999999999999,-0.031,9721665.0,0
Aavegotchi,GHST,1.95,117328055.0,2022-03-16,0.0069999999999999,0.008,0.017,28297857.0,0
Victoria VR,VR,0.144477,117291824.0,2022-03-16,0.051,-0.003,0.032,7068380.0,0
Ankr Reward-Bearing Staked ETH,AETHC,2196.39,116894099.0,2022-03-16,0.021,0.002,-0.02,1309490.0,0
Decentral Games,DG,0.306293,116422219.0,2022-03-16,0.005,0.002,0.003,854759.0,0
Meerkat Shares,MSHARE,12965.17,115928010.0,2022-03-16,0.013,0.03,0.922,8304162.0,1
FUNToken,FUN,0.010933267139,115804492.0,2022-03-16,0.012,-0.004,-0.011,853332.0,0
THORChain (ERC20),RUNE,7.15,115794807.0,2022-03-16,0.07,-0.07,0.762,1838591.0,1
TrueFi,TRU,0.180166,115725924.0,2022-03-16,0.025,-0.008,0.069,9656824.0,0
agEUR,AGEUR,1.1,115711833.0,2022-03-16,0.003,0.003,0.011,3811883.0,0
sETH2,SETH2,2740.47,114815124.0,2022-03-16,0.027,0.035,0.068,19698.74,0
Maple,MPL,25.38,114666914.0,2022-03-16,-0.005,-0.019,0.154,3006803.0,0
Spookyswap,BOO,12.83,114555634.0,2022-03-16,0.0279999999999999,-0.0279999999999999,-0.109,5125254.0,0
AIOZ Network,AIOZ,0.237396,114207956.0,2022-03-16,0.047,0.287,0.241,13715452.0,1
Tomb Shares,TSHARE,2920.47,113643147.0,2022-03-16,0.043,0.077,-0.351,10610367.0,0
Beefy.Finance,BIFI,1455.73,112999254.0,2022-03-16,0.012,0.047,-0.059,1429792.0,0
TitanSwap,TITAN,1.13,112504097.0,2022-03-16,0.0,-0.002,-0.072,24704.16,0
Phantasma,SOUL,1.08,112079479.0,2022-03-16,0.0279999999999999,0.13,-0.024,2762350.0,1
Tornado Cash,TORN,47.91,111960444.0,2022-03-16,0.023,0.006,-0.071,10096292.0,0
Alchemix,ALCX,95.14,111651916.0,2022-03-16,0.0279999999999999,-0.042,-0.125,8581305.0,0
DODO,DODO,0.391699,111498427.0,2022-03-16,0.033,0.064,0.0,53854854.0,0
Hoo Token,HOO,1.34,111488236.0,2022-03-16,-0.002,0.049,-0.0139999999999999,8376366.0,0
BTC Standard Hashrate Token,BTCST,15.38,110711281.0,2022-03-16,0.032,0.022,-0.08,10770376.0,0
KardiaChain,KAI,0.033106050211,110596002.0,2022-03-16,0.005,0.012,0.092,3633167.0,0
Klever,KLV,0.021137782806,109983784.0,2022-03-16,0.027,0.034,0.054,4429411.0,0
Orion Protocol,ORN,3.13,108618470.0,2022-03-16,0.066,0.069,0.022,10611478.0,1
BENQI Liquid Staked AVAX,SAVAX,73.3,108588792.0,2022-03-16,0.035,0.036,0.003,232010.0,0
PlatON Network,LAT,0.045411075152,108434635.0,2022-03-16,0.011,0.01,-0.0579999999999999,4190176.0,0
Hathor,HTR,0.479597,108345431.0,2022-03-16,0.052,0.047,0.025,3389005.0,1
Kava Swap,SWP,1.81,107989085.0,2022-03-16,-0.009,-0.013,0.02,1850449.0,0
Proton,XPR,0.010978430413,107238670.0,2022-03-16,0.022,-0.02,-0.067,4912504.0,0
Utrust,UTK,0.233365,107165105.0,2022-03-16,0.018,-0.011,-0.0069999999999999,6103029.0,0
Regen,REGEN,0.862787,106505797.0,2022-03-16,0.018,0.036,0.002,113190.0,0
My Neighbor Alice,ALICE,6.07,105126141.0,2022-03-16,0.032,0.057,-0.002,99300009.0,0
BakerySwap,BAKE,0.548429,104901896.0,2022-03-16,0.027,0.033,-0.005,11013168.0,0
QuarkChain,QKC,0.015632618015,103653419.0,2022-03-16,0.009,0.006,-0.019,2276212.0,0
Hydra,HYDRA,8.93,103576699.0,2022-03-16,0.005,-0.089,-0.004,444955.0,0
TomoChain,TOMO,1.17,103142455.0,2022-03-16,0.02,0.046,0.039,5201034.0,0
Pylon Protocol,MINE,0.053553941991,102790559.0,2022-03-16,0.011,0.046,0.093,1026416.0,0
Ellipsis,EPS,0.164725,102630468.0,2022-03-16,0.0139999999999999,0.036,0.042,8159278.0,0
Venus,XVS,8.52,102446263.0,2022-03-16,0.017,0.0069999999999999,-0.011,7769662.0,0
Railgun,RAIL,1.78,102343090.0,2022-03-16,0.013,0.0559999999999999,-0.0409999999999999,448935.0,0
Seedify.fund,SFUND,4.33,102337446.0,2022-03-16,0.016,0.033,-0.161,3442729.0,0
Hermez Network,HEZ,6.09,102164945.0,2022-03-16,0.009,0.003,0.0139999999999999,105821.0,0
Alpine F1 Team Fan Token,ALPINE,8.76,99922202.0,2022-03-16,0.003,0.049,1.7180000000000002,153521893.0,1
ICHI,ICHI,22.69,99403281.0,2022-03-16,0.023,0.049,0.133,910181.0,0
JasmyCoin,JASMY,0.021231711358,99367227.0,2022-03-16,0.005,0.253,0.913,480261670.0,1
CRYPTO20,C20,2.94,98979226.0,2022-03-16,0.006,-0.047,-0.011,53097.41,0
Decentral Games Governance,XDG,0.32163,98858963.0,2022-03-16,0.01,0.013,0.002,121569.0,0
Metal,MTL,1.52,98095635.0,2022-03-16,0.024,0.0289999999999999,-0.0069999999999999,12492929.0,0
Wilder World,WILD,1.17,97124495.0,2022-03-16,0.065,-0.002,-0.127,4735954.0,0
Wrapped Centrifuge,WCFG,0.486023,97035126.0,2022-03-16,0.004,0.021,-0.008,1702240.0,0
Bitcoin Diamond,BCD,0.515751,96592411.0,2022-03-16,0.008,0.025,-0.016,823683.0,0
cBAT,CBAT,0.013887822764,96585801.0,2022-03-16,0.006,0.016,-0.0005,8343005.0,0
sUSD,SUSD,0.995877,95584478.0,2022-03-16,-0.001,0.001,-0.002,8450530.0,0
sETH,SETH,2732.47,95094991.0,2022-03-16,0.025,0.034,0.065,5049393.0,0
Bounce,AUCTION,13.1,94296802.0,2022-03-16,0.016,0.018,0.027,1741028.0,0
Augur,REP,13.43,93213520.0,2022-03-16,0.019,0.02,-0.015,7904878.0,0
Verasity,VRA,0.020985885492,92248152.0,2022-03-16,0.048,0.0559999999999999,0.009,58902495.0,1
Neutrino System Base Token,NSBT,36.47,92043237.0,2022-03-16,0.0139999999999999,0.09,0.349,365249.0,1
Platypus Finance,PTP,4.82,91532885.0,2022-03-16,0.045,-0.049,-0.153,2928863.0,0
Ampleforth,AMPL,1.12,91484573.0,2022-03-16,0.019,0.146,0.235,9846521.0,1
Wanchain,WAN,0.473501,91110234.0,2022-03-16,0.018,0.01,-0.024,7300330.0,0
IDEX,IDEX,0.142817,90978713.0,2022-03-16,0.013,-0.002,-0.018,22972045.0,0
Dopex Rebate Token,RDPX,101.45,90554011.0,2022-03-16,0.0559999999999999,0.04,0.113,3498225.0,1
Everipedia,IQ,0.009006140462,89718345.0,2022-03-16,0.0069999999999999,0.031,0.022,3388475.0,0
ZoidPay,ZPAY,0.309582,89683955.0,2022-03-16,0.037,0.049,0.32,200162.0,1
Electroneum,ETN,0.005086662997,89440714.0,2022-03-16,0.017,0.026,-0.017,176858.0,0
KeeperDAO,ROOK,108.14,87457228.0,2022-03-16,0.005,0.022,-0.001,420336.0,0
cUNI,CUNI,0.177688,86960205.0,2022-03-16,0.001,0.008,0.0,818771.0,0
Dvision Network,DVI,0.348705,85948342.0,2022-03-16,0.011,0.045,-0.1689999999999999,893982.0,0
AllianceBlock,ALBT,0.222035,85612394.0,2022-03-16,0.025,0.075,0.046,594392.0,0
Bonfida,FIDA,1.61,85251644.0,2022-03-16,0.02,0.0069999999999999,-0.114,4391814.0,0
Adventure Gold,AGLD,1.1,85075417.0,2022-03-16,-0.002,0.1889999999999999,0.098,57235927.0,1
Avalaunch,XAVA,3.78,84389747.0,2022-03-16,0.0289999999999999,0.032,-0.022,709787.0,0
HUNT,HUNT,0.769839,83873286.0,2022-03-16,0.005,0.044,-0.032,72974143.0,0
Automata,ATA,0.367835,83514063.0,2022-03-16,0.031,0.0409999999999999,0.035,10518480.0,0
Banana,BANANA,18.71,83416764.0,2022-03-16,0.016,-0.141,0.708,550846.0,0
chrono.tech,TIME,118.16,83232136.0,2022-03-16,0.023,0.036,-0.147,295233.0,0
Celo Dollar,CUSD,0.999208,82951206.0,2022-03-16,0.003,0.005,0.001,770929.0,0
CertiK,CTK,1.18,82919242.0,2022-03-16,0.016,0.04,0.04,7896532.0,0
Adshares,ADS,3.46,82839334.0,2022-03-16,0.0139999999999999,0.063,0.3289999999999999,1223986.0,1
DFI.money,YFII,2051.79,81618922.0,2022-03-16,0.022,0.086,0.104,16874472.0,1
Gains Farm,GFARM2,2267.65,81067367.0,2022-03-16,0.013,0.033,0.036,133497.0,0
Gitcoin,GTC,5.67,80324424.0,2022-03-16,0.04,0.06,-0.005,13047215.0,1
Biswap,BSW,0.357696,80023062.0,2022-03-16,0.019,0.042,0.149,5174312.0,0
Clover Finance,CLV,0.305749,79586374.0,2022-03-16,0.02,0.01,-0.016,8210647.0,0
SafePal,SFP,0.733022,78755589.0,2022-03-16,0.027,0.023,-0.039,14792090.0,0
Enzyme,MLN,53.93,78254927.0,2022-03-16,0.02,0.02,0.046,7197240.0,0
Crabada,CRA,0.908045,78203679.0,2022-03-16,0.047,0.106,0.031,2532869.0,1
Covalent,CQT,0.308264,78070115.0,2022-03-16,0.022,-0.039,-0.147,4464667.0,0
Aergo,AERGO,0.216541,78030243.0,2022-03-16,0.011,0.003,-0.14,8958942.0,0
Nerve Finance,NRV,0.01746492327,77747624.0,2022-03-16,0.001,-0.0279999999999999,-0.087,37129.53,0
Swarm,BZZ,1.2,77516525.0,2022-03-16,0.013,0.049,-0.008,1500542.0,0
BENQI,QI,0.049616183289,77090931.0,2022-03-16,0.036,0.011,-0.023,9851172.0,0
Somnium Space CUBEs,CUBE,5.9,76435550.0,2022-03-16,0.024,0.055,0.114,223101.0,0
Rai Reflex Index,RAI,3.03,76393616.0,2022-03-16,0.001,-0.001,0.003,1012855.0,0
PEAKDEFI,PEAK,0.056409521696,76293156.0,2022-03-16,0.004,0.0069999999999999,-0.175,51980.14,0
Propy,PRO,1.31,76264908.0,2022-03-16,0.021,-0.039,-0.1889999999999999,1379488.0,0
Aurory,AURY,8.02,76264310.0,2022-03-16,0.006,0.002,-0.008,1527291.0,0
mStable USD,MUSD,0.999331,75247445.0,2022-03-16,0.001,0.003,-0.0,207110.0,0
bZx Protocol,BZRX,0.177963,74186632.0,2022-03-16,0.022,0.427,0.48,16.65,1
ShapeShift FOX Token,FOX,0.273188,73980085.0,2022-03-16,0.0139999999999999,0.001,-0.005,593740.0,0
SingularityNET,AGIX,0.084142124159,73918145.0,2022-03-16,0.026,-0.003,-0.036,868150.0,0
Handshake,HNS,0.156275,73747459.0,2022-03-16,0.019,-0.054,-0.108,197146.0,0
Kin,KIN,4.1143641e-05,73595419.0,2022-03-16,-0.022,0.094,-0.008,1152459.0,0
RIZON,ATOLO,0.035663494252,72989274.0,2022-03-16,0.046,0.023,-0.016,331202.0,0
Vader Protocol,VADER,0.014381539264,72963217.0,2022-03-16,-0.039,-0.096,-0.337,1480880.0,0
DeFi Pulse Index,DPI,155.37,72755648.0,2022-03-16,0.0289999999999999,0.042,0.054,207236.0,0
Sai,SAI,1.0,72643253.0,2022-03-16,0.006,0.016,-0.0005,8343005.0,0
Sovryn,SOV,3.43,72604865.0,2022-03-16,0.006,-0.0069999999999999,-0.071,406765.0,0
Badger DAO,BADGER,7.32,72581913.0,2022-03-16,0.024,0.027,-0.006,4125819.0,0
TempleDAO,TEMPLE,0.666697,71996496.0,2022-03-16,0.021,-0.003,-0.025,1492924.0,0
Wrapped NXM,WNXM,26.65,70945266.0,2022-03-16,0.027,0.024,0.005,3964149.0,0
Hifi Finance,MFT,0.00755611809,70736052.0,2022-03-16,0.011,-0.054,0.052,58152200.0,0
Dock,DOCK,0.033479547514,70448413.0,2022-03-16,0.024,-0.002,-0.0,3240870.0,0
Sifchain,EROWAN,0.091107956047,70322023.0,2022-03-16,0.026,-0.024,-0.023,3841586.0,0
Retreeb,TREEB,0.225841,70125336.0,2022-03-16,0.035,0.1369999999999999,0.07,905540.0,1
Presearch,PRE,0.179852,70111160.0,2022-03-16,0.022,-0.042,0.0,598873.0,0
PlatonCoin,PLTC,0.640304,69590558.0,2022-03-16,-0.001,0.019,0.126,280435.0,0
Aave [OLD],LEND,1.36,69502548.0,2022-03-16,0.026,0.08,0.038,5128.17,0
ShareToken,SHR,0.007189378251,69453171.0,2022-03-16,0.013,-0.046,-0.138,221837.0,0
Circuits of Value,COVAL,0.038262750519,69008937.0,2022-03-16,-0.001,0.035,-0.038,601191.0,0
Travala.com,AVA,1.33,68723455.0,2022-03-16,0.018,0.021,0.051,3953320.0,0
Redacted Cartel,BTRFLY,114.27,68675140.0,2022-03-16,0.009,0.004,-0.204,580990.0,0
IRISnet,IRIS,0.05572426797,68613799.0,2022-03-16,0.022,-0.008,-0.027,6277598.0,0
ChainX,PCX,1.77,68530128.0,2022-03-16,0.054,0.172,0.078,445046.0,1
Index Coop - ETH 2x Flexible Leverage Index,ETH2X-FLI,66.16,68519516.0,2022-03-16,0.049,0.06,0.119,2344685.0,1
cVault.finance,CORE,6768.4,68514733.0,2022-03-16,0.016,0.031,0.004,295513.0,0
ThunderCore,TT,0.007869637878,67862398.0,2022-03-16,0.006,-0.003,0.018,13601229.0,0
OpenDAO,SOS,1.708294e-06,67555662.0,2022-03-16,0.03,0.053,-0.09,14382323.0,0
Carry,CRE,0.007639549275,66948840.0,2022-03-16,0.0139999999999999,-0.023,-0.001,15140717.0,0
ARPA Chain,ARPA,0.068515692234,66892485.0,2022-03-16,0.0279999999999999,0.026,-0.008,14838311.0,0
GuildFi,GF,1.54,66370610.0,2022-03-16,0.005,0.0069999999999999,0.0409999999999999,7298293.0,0
EverRise,RISE,0.000950733762,66340451.0,2022-03-16,0.013,0.081,0.03,423218.0,0
SuperRare,RARE,0.458127,66264262.0,2022-03-16,0.018,0.0289999999999999,0.0289999999999999,16421385.0,0
Oxygen,OXY,0.325739,65770433.0,2022-03-16,0.015,0.001,0.084,464624.0,0
Bitcoin,BTC,40851.38,776077432316.0,2022-03-17,0.001,0.0,-0.027,20476118020.0,0
Ethereum,ETH,2824.42,339077214308.0,2022-03-17,0.004,0.0289999999999999,0.034,13640408875.0,0
Tether,USDT,1.0,80205879149.0,2022-03-17,-0.0,0.0,0.0,44131404071.0,0
BNB,BNB,389.61,65561157431.0,2022-03-17,0.002,0.016,-0.01,1425353937.0,0
USD Coin,USDC,0.999739,52596068421.0,2022-03-17,-0.001,0.0,-0.0,3569816487.0,0
XRP,XRP,0.796926,38342363497.0,2022-03-17,0.006,0.016,0.038,3642947060.0,0
Terra,LUNA,87.64,32256574723.0,2022-03-17,-0.0,-0.02,-0.118,1555363904.0,0
Solana,SOL,90.62,29270600684.0,2022-03-17,0.016,0.0579999999999999,0.0279999999999999,1921988835.0,0
Cardano,ADA,0.838396,26891734979.0,2022-03-17,0.002,0.018,-0.013,784436216.0,0
Avalanche,AVAX,79.78,21282040395.0,2022-03-17,0.002,0.083,0.027,1386901493.0,0
Polkadot,DOT,18.88,20667608398.0,2022-03-17,0.001,0.02,0.0559999999999999,665211395.0,0
Binance USD,BUSD,0.999538,17812484632.0,2022-03-17,-0.001,-0.002,-0.001,3713594658.0,0
Dogecoin,DOGE,0.11685,15509604862.0,2022-03-17,0.001,0.011,-0.038,364002532.0,0
TerraUSD,UST,1.0,15173316373.0,2022-03-17,-0.0,-0.001,0.002,566868455.0,0
Shiba Inu,SHIB,2.2354322e-05,12283647613.0,2022-03-17,-0.002,-0.002,-0.063,435900196.0,0
Wrapped Bitcoin,WBTC,40815.68,11140930359.0,2022-03-17,-0.001,0.0,-0.0279999999999999,257062192.0,0
Cronos,CRO,0.40337,10212443722.0,2022-03-17,-0.001,0.004,-0.013,64923668.0,0
Polygon,MATIC,1.46,10031137796.0,2022-03-17,0.009,0.012,-0.031,584477121.0,0
Dai,DAI,1.0,9445061382.0,2022-03-17,0.0,0.001,0.0,233460109.0,0
Cosmos Hub,ATOM,28.48,8263048473.0,2022-03-17,0.005,-0.012,-0.053,504577854.0,0
Litecoin,LTC,110.64,7733039423.0,2022-03-17,-0.002,0.011,0.037,541046078.0,0
Lido Staked Ether,STETH,2824.49,7293486788.0,2022-03-17,0.005,0.03,0.035,6987747.0,0
Near,NEAR,10.9,7152121268.0,2022-03-17,0.003,0.026,-0.063,392643350.0,0
Chainlink,LINK,14.54,6790110728.0,2022-03-17,0.003,0.009,0.037,555565709.0,0
TRON,TRX,0.060963260767,6203344202.0,2022-03-17,0.001,0.004,0.002,431830570.0,0
FTX Token,FTT,43.02,5917599044.0,2022-03-17,0.001,0.016,0.004,63018114.0,0
LEO Token,LEO,6.23,5840393387.0,2022-03-17,0.004,0.044,0.068,1071771.0,0
Bitcoin Cash,BCH,297.65,5652413614.0,2022-03-17,0.002,0.006,-0.035,1192569491.0,0
OKB,OKB,19.98,5198998452.0,2022-03-17,0.001,0.049,0.075,170494374.0,0
Algorand,ALGO,0.755697,5010872275.0,2022-03-17,0.013,0.034,-0.017,138333415.0,0
Stellar,XLM,0.190708,4685689241.0,2022-03-17,0.003,0.021,0.009,202509305.0,0
Uniswap,UNI,9.22,4212948930.0,2022-03-17,0.002,0.02,0.003,158548328.0,0
Hedera,HBAR,0.206426,4083726959.0,2022-03-17,0.001,0.031,-0.031,50736623.0,0
Axie Infinity,AXS,50.9,3771229668.0,2022-03-17,0.006,0.01,0.044,229754416.0,0
Decentraland,MANA,2.45,3706590158.0,2022-03-17,0.002,0.01,-0.019,385577318.0,0
The Sandbox,SAND,3.21,3671953183.0,2022-03-17,0.004,0.042,0.083,1054426538.0,0
Internet Computer,ICP,16.83,3629124742.0,2022-03-17,0.003,0.034,-0.037,139063958.0,0
Ethereum Classic,ETC,27.11,3623500485.0,2022-03-17,0.004,0.006,-0.036,254873416.0,0
Elrond,EGLD,159.18,3510358610.0,2022-03-17,-0.003,-0.02,0.121,163087133.0,0
Monero,XMR,187.35,3388734398.0,2022-03-17,0.003,-0.01,-0.0069999999999999,162222710.0,0
cETH,CETH,56.52,3354874341.0,2022-03-17,0.001,0.052,0.037,4709.81,0
VeChain,VET,0.048673709569,3250000117.0,2022-03-17,0.004,0.016,0.002,226027621.0,0
Filecoin,FIL,17.67,3150729995.0,2022-03-17,0.002,0.024,-0.062,194035869.0,0
Fantom,FTM,1.22,3103751456.0,2022-03-17,-0.003,0.001,-0.107,662240690.0,0
Klaytn,KLAY,1.1,3037372912.0,2022-03-17,0.004,-0.002,-0.032,40036524.0,0
Osmosis,OSMO,9.33,3010426563.0,2022-03-17,0.002,-0.0069999999999999,-0.077,61428078.0,0
Waves,WAVES,28.78,2875764773.0,2022-03-17,0.003,0.0069999999999999,0.008,728914468.0,0
Frax,FRAX,0.999541,2873694989.0,2022-03-17,0.001,-0.0,-0.001,15926230.0,0
Theta Network,THETA,2.87,2860648763.0,2022-03-17,0.003,0.019,-0.065,102779208.0,0
Magic Internet Money,MIM,0.998598,2782892167.0,2022-03-17,0.001,0.001,-0.002,57656794.0,0
Tezos,XTZ,3.1,2726280216.0,2022-03-17,0.003,0.017,-0.027,74557601.0,0
The Graph,GRT,0.4138,2557806263.0,2022-03-17,0.012,-0.06,0.193,215095821.0,0
cUSDC,CUSDC,0.022557565168,2466484503.0,2022-03-17,0.002,0.001,0.001,1167.72,0
THORChain,RUNE,8.08,2430711865.0,2022-03-17,0.006,0.1159999999999999,0.4639999999999999,384542700.0,1
Helium,HNT,22.94,2312307759.0,2022-03-17,0.004,0.057,0.057,21484397.0,0
EOS,EOS,2.09,2061422334.0,2022-03-17,0.006,0.012,0.009,228300347.0,0
Flow,FLOW,5.72,2031100138.0,2022-03-17,0.01,0.052,-0.053,118680955.0,0
Aave,AAVE,147.18,2009385126.0,2022-03-17,0.0069999999999999,0.071,0.153,406722278.0,0
IOTA,MIOTA,0.714113,1985719860.0,2022-03-17,-0.0,0.003,-0.033,23553216.0,0
ECOMI,OMI,0.003390695541,1972387319.0,2022-03-17,0.001,-0.0069999999999999,-0.253,3682195.0,0
cDAI,CDAI,0.021937899212,1928856560.0,2022-03-17,0.0,0.001,0.001,187.54,0
Theta Fuel,TFUEL,0.164365,1886178774.0,2022-03-17,0.005,0.012,0.025,15319348.0,0
Maker,MKR,2079.04,1874509741.0,2022-03-17,0.008,0.052,0.087,96980207.0,0
Zcash,ZEC,152.32,1862253242.0,2022-03-17,0.0,0.023,0.076,357248948.0,0
PancakeSwap,CAKE,6.51,1806774957.0,2022-03-17,0.002,0.172,0.043,449533416.0,1
JUNO,JUNO,39.16,1786829872.0,2022-03-17,0.003,0.021,-0.071,8314477.0,0
Gala,GALA,0.230194,1738051630.0,2022-03-17,-0.001,0.01,-0.0139999999999999,598834885.0,0
BitTorrent,BTT,1.826877e-06,1685671515.0,2022-03-17,0.002,0.009,-0.017,72096087.0,0
Arweave,AR,33.62,1683869236.0,2022-03-17,0.016,0.034,-0.107,39217699.0,0
Huobi BTC,HBTC,40909.07,1631618698.0,2022-03-17,-0.001,-0.008,-0.027,2193840.0,0
Harmony,ONE,0.13101,1548715682.0,2022-03-17,0.0069999999999999,0.027,-0.035,66326965.0,0
Quant,QNT,114.66,1538860559.0,2022-03-17,0.005,0.018,-0.035,21373345.0,0
eCash,XEC,7.9780188e-05,1517444421.0,2022-03-17,-0.002,0.0069999999999999,0.046,23608652.0,0
Bitcoin SV,BSV,78.09,1484128146.0,2022-03-17,0.002,0.013,-0.065,82946701.0,0
NEO,NEO,20.65,1456710686.0,2022-03-17,0.001,0.026,-0.03,131240437.0,0
Huobi Token,HT,9.11,1418233628.0,2022-03-17,0.0,0.013,-0.001,29386478.0,0
TrueUSD,TUSD,1.0,1413028225.0,2022-03-17,0.0,-0.0,-0.001,96692815.0,0
Xido Finance,XIDO,48.68,1388958494.0,2022-03-17,0.047,0.5770000000000001,1.357,1489749.0,1
Celsius Network,CEL,3.27,1388056538.0,2022-03-17,0.001,0.03,0.0559999999999999,3708538.0,0
KuCoin Token,KCS,18.19,1385861365.0,2022-03-17,-0.006,-0.011,-0.032,8987570.0,0
Enjin Coin,ENJ,1.42,1330338268.0,2022-03-17,0.004,0.017,0.021,113142084.0,0
Stacks,STX,1.26,1327159918.0,2022-03-17,0.004,0.001,0.119,24411447.0,0
Humans.ai,HEART,0.041455610624,1309127902.0,2022-03-17,-0.006,-0.063,-0.5579999999999999,898844.0,0
Celo,CELO,3.01,1293158139.0,2022-03-17,-0.025,0.195,0.044,746494395.0,1
Basic Attention Token,BAT,0.851143,1275120629.0,2022-03-17,0.002,0.035,0.241,207580189.0,0
Radix,XRD,0.128757,1262403652.0,2022-03-17,0.02,0.053,0.074,221810.0,0
NEXO,NEXO,2.21,1240018250.0,2022-03-17,0.006,0.0139999999999999,0.02,5428058.0,0
Kusama,KSM,134.99,1211430260.0,2022-03-17,0.0069999999999999,0.064,0.0,69995764.0,0
Amp,AMP,0.025125131288,1207186380.0,2022-03-17,-0.002,0.005,-0.033,6754386.0,0
Chiliz,CHZ,0.203275,1083816831.0,2022-03-17,0.018,0.025,0.013,108108608.0,0
Kadena,KDA,6.24,1069867085.0,2022-03-17,0.008,0.003,-0.053,48584887.0,0
Dash,DASH,96.91,1029536952.0,2022-03-17,0.002,-0.0069999999999999,-0.0289999999999999,165410045.0,0
Frax Share,FXS,17.71,1023317870.0,2022-03-17,0.002,-0.01,-0.012,3134769.0,0
Convex Finance,CVX,18.71,1013012985.0,2022-03-17,0.006,0.024,0.095,22222451.0,0
BitDAO,BIT,1.14,1011521016.0,2022-03-17,0.003,0.012,0.001,42339293.0,0
Pax Dollar,USDP,0.99955,995452485.0,2022-03-17,-0.001,-0.0,-0.001,71689116.0,0
Synthetix Network Token,SNX,4.48,960919289.0,2022-03-17,0.001,0.059,-0.06,99940204.0,0
GateToken,GT,6.32,959114001.0,2022-03-17,-0.004,-0.031,-0.05,6795778.0,0
Loopring,LRC,0.715444,891618804.0,2022-03-17,-0.001,0.0069999999999999,-0.033,92431592.0,0
NEM,XEM,0.097812627388,880846859.0,2022-03-17,0.003,-0.004,-0.027,12854080.0,0
Mina Protocol,MINA,2.02,851729245.0,2022-03-17,-0.013,0.118,0.068,132755480.0,0
Curve DAO Token,CRV,2.13,838186885.0,2022-03-17,-0.002,0.0559999999999999,-0.011,162949799.0,0
Oasis Network,ROSE,0.228057,795948991.0,2022-03-17,0.002,0.002,-0.047,46311590.0,0
ApeCoin,APE,7.72,794922002.0,2022-03-17,0.05,-0.255,-0.0005,1129583103.0,0
Secret,SCRT,4.73,784928146.0,2022-03-17,0.004,0.0279999999999999,-0.002,7931935.0,0
LINK,LN,131.31,784870999.0,2022-03-17,0.001,0.017,0.022,2027017.0,0
cUSDT,CUSDT,0.021768404499,775840943.0,2022-03-17,0.0,0.0,0.0,5320.09,0
Compound,COMP,115.17,766476634.0,2022-03-17,0.001,0.051,0.045,55258209.0,0
Anchor Protocol,ANC,2.85,754479150.0,2022-03-17,-0.005,-0.083,-0.335,77859396.0,0
Decred,DCR,52.84,732991389.0,2022-03-17,-0.012,-0.07,-0.059,10725860.0,0
IoTeX,IOTX,0.077158067035,732645462.0,2022-03-17,-0.015,0.0069999999999999,0.0579999999999999,53815127.0,0
Holo,HOT,0.004092449012,726741711.0,2022-03-17,0.002,-0.013,-0.026,45825585.0,0
Bitkub Coin,KUB,7.93,703620569.0,2022-03-17,-0.002,0.004,-0.045,2877708.0,0
yearn.finance,YFI,19370.21,691957768.0,2022-03-17,-0.004,0.02,-0.049,79795044.0,0
Neutrino USD,USDN,1.0,685994297.0,2022-03-17,-0.001,-0.003,0.008,6067663.0,0
Nexus Mutual,NXM,95.18,655250086.0,2022-03-17,0.006,0.03,0.035,21594.97,0
XDC Network,XDC,0.052299016906,644478092.0,2022-03-17,0.012,0.034,-0.0559999999999999,9542402.0,0
Smooth Love Potion,SLP,0.017171858167,642859351.0,2022-03-17,0.003,0.038,-0.064,237291070.0,0
WAX,WAXP,0.276858,626238810.0,2022-03-17,0.001,0.01,-0.04,20480550.0,0
Qtum,QTUM,5.97,621303049.0,2022-03-17,0.003,0.003,-0.013,61604038.0,0
Sushi,SUSHI,3.21,618121984.0,2022-03-17,0.012,0.0279999999999999,0.009,138705772.0,0
PAX Gold,PAXG,1946.03,617755161.0,2022-03-17,-0.002,0.005,-0.024,22038867.0,0
1inch,1INCH,1.49,617505356.0,2022-03-17,0.008,-0.003,0.087,64145152.0,0
renBTC,RENBTC,40854.63,613544826.0,2022-03-17,0.002,0.009,-0.026,10275356.0,0
Livepeer,LPT,24.57,612934461.0,2022-03-17,0.013,0.032,-0.023,11245178.0,0
Marinade staked SOL,MSOL,93.71,607857600.0,2022-03-17,0.013,0.0579999999999999,0.027,14128670.0,0
Bancor Network Token,BNT,2.32,595471450.0,2022-03-17,0.005,0.013,0.011,18087546.0,0
Ankr,ANKR,0.072733294373,594634282.0,2022-03-17,0.001,0.0069999999999999,-0.05,21277459.0,0
Pocket Network,POKT,0.697976,587728129.0,2022-03-17,-0.003,-0.0,-0.079,1086957.0,0
Zilliqa,ZIL,0.041562864374,585253625.0,2022-03-17,0.002,0.013,0.001,30167523.0,0
OMG Network,OMG,4.13,579014475.0,2022-03-17,0.003,0.005,0.037,75465179.0,0
Gnosis,GNO,306.2,571602114.0,2022-03-17,0.001,0.025,-0.025,1192417.0,0
Render Token,RNDR,2.46,568806275.0,2022-03-17,0.001,0.011,-0.073,19940200.0,0
Fei USD,FEI,1.0,560856126.0,2022-03-17,0.002,0.003,0.009,6008234.0,0
ICON,ICX,0.745261,547848667.0,2022-03-17,0.002,-0.011,-0.102,27185040.0,0
SafeMoon,SFM,0.000962072159,544136940.0,2022-03-17,0.012,-0.064,-0.152,310296.0,0
Ravencoin,RVN,0.051574181471,539976450.0,2022-03-17,0.003,-0.003,-0.067,14056137.0,0
IOST,IOST,0.022801632948,526323716.0,2022-03-17,0.0,0.01,-0.027,36690680.0,0
Bitcoin Gold,BTG,29.92,523876360.0,2022-03-17,0.0,0.0069999999999999,-0.036,6176845.0,0
Kava,KAVA,3.21,517309409.0,2022-03-17,0.001,0.013,-0.009,15300789.0,0
Rally,RLY,0.196257,510399595.0,2022-03-17,0.015,0.09,-0.001,7033356.0,0
e-Radix,EXRD,0.128151,508057632.0,2022-03-17,0.009,0.05,0.078,2236562.0,0
UMA,UMA,7.69,503852158.0,2022-03-17,-0.003,-0.006,-0.046,62505441.0,0
OEC Token,OKT,32.97,502905278.0,2022-03-17,0.001,0.024,-0.083,3504725.0,0
Songbird,SGB,0.063697975897,495479119.0,2022-03-17,0.003,0.0139999999999999,-0.1169999999999999,1141938.0,0
WOO Network,WOO,0.512092,489182316.0,2022-03-17,0.004,0.04,0.018,49800358.0,0
Moonbeam,GLMR,2.41,485893979.0,2022-03-17,-0.004,0.0139999999999999,-0.08,44775987.0,0
Velas,VLX,0.213294,485455669.0,2022-03-17,0.002,0.001,-0.049,3415563.0,0
Tether Gold,XAUT,1958.19,483043378.0,2022-03-17,0.001,0.004,-0.023,2671319.0,0
Horizen,ZEN,39.44,480024115.0,2022-03-17,0.001,0.021,-0.054,25684055.0,0
Sapphire,SAPP,0.569767,478721909.0,2022-03-17,0.005,0.012,-0.045,241909.0,0
Rocket Pool,RPL,29.01,469695713.0,2022-03-17,0.003,-0.034,0.0289999999999999,1766976.0,0
Golem,GLM,0.466554,466317264.0,2022-03-17,0.001,0.003,-0.088,12086033.0,0
Liquity USD,LUSD,1.01,465309713.0,2022-03-17,0.001,0.002,0.001,3788413.0,0
Audius,AUDIO,0.743362,457745959.0,2022-03-17,0.001,0.01,-0.046,6575647.0,0
STEPN,GMT,0.761181,456251258.0,2022-03-17,0.013,0.425,4.6080000000000005,1358531219.0,1
Baby Doge Coin,BABYDOGE,2.83e-09,449901755.0,2022-03-17,0.004,-0.012,-0.071,9830393.0,0
Siacoin,SC,0.008924907028,448569310.0,2022-03-17,0.006,0.002,-0.0579999999999999,8429351.0,0
Ontology,ONT,0.509902,446660094.0,2022-03-17,0.004,0.021,-0.027,26504330.0,0
0x,ZRX,0.51816,439124277.0,2022-03-17,0.003,0.016,-0.01,24224308.0,0
Metis Token,METIS,146.26,438927006.0,2022-03-17,0.0069999999999999,-0.001,-0.075,36285014.0,0
APENFT,NFT,1.538902e-06,426608620.0,2022-03-17,0.001,0.01,-0.052,52887977.0,0
Synapse,SYN,2.42,425904952.0,2022-03-17,0.004,0.111,-0.011,8785527.0,0
dYdX,DYDX,4.8,410559152.0,2022-03-17,0.0,0.034,-0.053,84542474.0,0
SwissBorg,CHSB,0.426636,407989611.0,2022-03-17,-0.004,-0.002,-0.077,717426.0,0
Everdome,DOME,0.047881406153,407661797.0,2022-03-17,-0.025,0.131,0.038,59460882.0,0
SKALE,SKL,0.123037,399524174.0,2022-03-17,0.002,-0.026,-0.013,8458820.0,0
Dogelon Mars,ELON,7.16912e-07,395179401.0,2022-03-17,0.006,-0.01,-0.035,8089301.0,0
Convex CRV,CVXCRV,2.1,394323956.0,2022-03-17,0.022,0.083,0.022,284039.0,0
Olympus,OHM,27.85,391190971.0,2022-03-17,0.002,-0.005,-0.147,8810942.0,0
Constellation,DAG,0.149017,376819046.0,2022-03-17,-0.001,-0.02,0.125,925421.0,0
Immutable X,IMX,1.59,374143811.0,2022-03-17,0.001,0.01,0.001,74989985.0,0
Gemini Dollar,GUSD,0.999103,370970338.0,2022-03-17,-0.001,-0.002,-0.001,2599754.0,0
JUST,JST,0.049988160157,365218776.0,2022-03-17,0.005,0.022,-0.044,46444031.0,0
NuCypher,NU,0.423049,358798163.0,2022-03-17,0.004,0.008,-0.107,4447816.0,0
Polymath,POLY,0.396075,356459406.0,2022-03-17,0.002,0.0289999999999999,-0.047,16295087.0,0
Ethereum Name Service,ENS,15.1,350492086.0,2022-03-17,-0.003,0.075,0.0289999999999999,130802509.0,0
Illuvium,ILV,543.69,349615509.0,2022-03-17,0.0069999999999999,0.045,0.025,10973374.0,0
REN,REN,0.34295,343396923.0,2022-03-17,0.002,0.011,-0.153,45489119.0,0
Decentralized Social,DESO,32.58,343383679.0,2022-03-17,-0.019,-0.038,0.053,665903.0,0
Keep Network,KEEP,0.623793,342624992.0,2022-03-17,0.001,0.023,-0.066,1863025.0,0
Hive,HIVE,0.921978,342506941.0,2022-03-17,0.003,0.063,0.008,27492473.0,0
Flux,FLUX,1.43,328526106.0,2022-03-17,0.002,0.003,0.044,11148974.0,0
Nervos Network,CKB,0.010823610593,326436851.0,2022-03-17,0.002,0.026,-0.025,5885924.0,0
Nano,XNO,2.43,325248112.0,2022-03-17,0.025,0.1009999999999999,0.3929999999999999,272633201.0,1
HUSD,HUSD,0.999448,321832852.0,2022-03-17,-0.001,0.0,-0.0,21491124.0,0
Lido DAO,LDO,2.9,320418126.0,2022-03-17,0.016,-0.024,0.2289999999999999,6548070.0,0
DeFi Kingdoms,JEWEL,4.33,319385783.0,2022-03-17,0.0069999999999999,0.053,-0.093,13531791.0,0
Ultra,UOS,1.17,317369548.0,2022-03-17,0.005,0.024,-0.038,4195149.0,0
Spell Token,SPELL,0.003476639888,316934220.0,2022-03-17,0.0069999999999999,-0.02,-0.109,47028727.0,0
Telcoin,TEL,0.005151230174,316916231.0,2022-03-17,0.011,0.051,-0.0139999999999999,2189831.0,0
Syscoin,SYS,0.497339,316225956.0,2022-03-17,0.019,0.062,-0.043,11664234.0,0
FLEX Coin,FLEX,3.95,311501806.0,2022-03-17,-0.0,-0.001,0.006,1321112348.0,0
ConstitutionDAO,PEOPLE,0.060997698339,309380835.0,2022-03-17,0.004,0.004,-0.055,148965778.0,0
Kyber Network Crystal,KNC,3.01,308453415.0,2022-03-17,0.01,-0.018,-0.043,19917604.0,0
LooksRare,LOOKS,1.25,306746978.0,2022-03-17,0.018,-0.0279999999999999,0.099,52982527.0,0
Tomb,TOMB,1.19,305642692.0,2022-03-17,-0.004,0.015,-0.1009999999999999,10836099.0,0
Lisk,LSK,2.1,304232009.0,2022-03-17,-0.004,0.03,-0.005,8942754.0,0
DigitalBits,XDB,0.395059,302184765.0,2022-03-17,-0.004,0.015,0.207,1567720.0,0
DigiByte,DGB,0.01993648681,302087064.0,2022-03-17,0.004,0.0139999999999999,-0.035,12119980.0,0
Persistence,XPRT,3.61,298811585.0,2022-03-17,-0.001,0.091,0.07,5704698.0,0
PlayDapp,PLA,0.812543,295009942.0,2022-03-17,0.002,0.016,-0.0279999999999999,21899896.0,0
Tenset,10SET,3.29,290187601.0,2022-03-17,0.001,0.003,0.345,2346397.0,0
Stargaze,STARS,0.387759,288957891.0,2022-03-17,0.001,-0.035,-0.209,1422449.0,0
Ronin,RON,1.93,285584777.0,2022-03-17,0.0,0.036,-0.039,2336649.0,0
Trust Wallet Token,TWT,0.81527,284403138.0,2022-03-17,-0.006,0.13,0.109,26534917.0,0
Casper Network,CSPR,0.067306582006,280491915.0,2022-03-17,0.0139999999999999,0.062,0.037,10361454.0,0
Tokemak,TOKE,24.1,280398265.0,2022-03-17,0.006,-0.042,-0.118,6082833.0,0
SafeMoon [OLD],SAFEMOON,5.15423e-07,277800683.0,2022-03-17,0.002,0.02,-0.009,879.16,0
Radio Caca,RACA,0.001337390452,277127753.0,2022-03-17,-0.0,0.004,0.084,17146649.0,0
Pirate Chain,ARRR,1.44,275717440.0,2022-03-17,-0.003,0.003,0.221,1185789.0,0
SXP,SXP,1.41,273381975.0,2022-03-17,0.005,0.05,0.045,68376375.0,0
MAI,MIMATIC,1.0,269690665.0,2022-03-17,0.002,0.003,0.008,5757297.0,0
Floki Inu,FLOKI,2.8878952e-05,264302676.0,2022-03-17,0.0,0.019,-0.095,7318364.0,0
Injective,INJ,5.4,262798491.0,2022-03-17,0.008,0.0139999999999999,0.011,25990848.0,0
Mobox,MBOX,2.11,261388946.0,2022-03-17,-0.004,0.033,0.0559999999999999,42594303.0,0
MXC,MXC,0.105998,258748257.0,2022-03-17,-0.005,0.017,0.1689999999999999,22877952.0,0
Everscale,EVER,0.19269,258439550.0,2022-03-17,0.0,-0.0139999999999999,-0.011,14939.44,0
Perpetual Protocol,PERP,3.95,257335955.0,2022-03-17,0.004,0.023,-0.017,9229627.0,0
Zenon,ZNN,5.21,257245207.0,2022-03-17,0.0069999999999999,-0.026,-0.114,38130.88,0
WINkLink,WIN,0.000265884701,256027145.0,2022-03-17,-0.0,-0.001,-0.043,78640150.0,0
Coin98,C98,1.37,254083272.0,2022-03-17,0.003,0.023,0.036,32845038.0,0
WazirX,WRX,0.55677,254078525.0,2022-03-17,-0.001,-0.002,-0.123,6363664.0,0
Serum,SRM,1.9,253353070.0,2022-03-17,0.005,0.018,-0.016,28934537.0,0
Lido Staked SOL,STSOL,93.27,252733440.0,2022-03-17,0.0139999999999999,0.064,0.0279999999999999,4306699.0,0
Zipmex Token,ZMT,2.84,252612673.0,2022-03-17,-0.002,0.018,0.003,14507743.0,0
Mirror Protocol,MIR,1.71,248849118.0,2022-03-17,0.005,0.004,-0.1689999999999999,49984848.0,0
Creditcoin,CTC,1.17,242723178.0,2022-03-17,-0.001,0.032,0.02,3120629.0,0
Tribe,TRIBE,0.531679,242034097.0,2022-03-17,-0.005,-0.021,-0.0409999999999999,8080240.0,0
VVS Finance,VVS,2.2036915e-05,236041817.0,2022-03-17,-0.0,-0.013,-0.129,2778953.0,0
Metahero,HERO,0.044697410123,234727576.0,2022-03-17,-0.005,-0.01,-0.13,7788330.0,0
Yield Guild Games,YGG,2.65,232020727.0,2022-03-17,0.022,0.096,-0.013,32498566.0,0
Function X,FX,0.490287,230355668.0,2022-03-17,-0.008,0.003,-0.025,2789713.0,0
API3,API3,4.64,230330587.0,2022-03-17,0.003,-0.012,-0.146,30688251.0,0
Dent,DENT,0.002405588079,230289059.0,2022-03-17,-0.002,0.023,-0.042,15366549.0,0
Raydium,RAY,2.52,229551472.0,2022-03-17,0.006,0.004,-0.01,20578926.0,0
Fetch.ai,FET,0.333007,229348461.0,2022-03-17,0.01,0.016,-0.06,18218920.0,0
Escoin Token,ELG,3.31,228752259.0,2022-03-17,0.005,-0.015,0.017,724098.0,0
Euro Tether,EURT,1.11,228389194.0,2022-03-17,-0.0,0.006,0.003,14717552.0,0
CoinEx Token,CET,0.06114066275,227207627.0,2022-03-17,-0.001,-0.0,0.049,525677.0,0
Astroport,ASTRO,1.81,227045274.0,2022-03-17,-0.002,-0.104,0.095,8759702.0,0
Chromia,CHR,0.399507,226830657.0,2022-03-17,0.001,0.053,0.02,58264434.0,0
Chia,XCH,65.99,225459171.0,2022-03-17,-0.003,0.015,-0.077,9082334.0,0
xSUSHI,XSUSHI,4.02,225344906.0,2022-03-17,0.012,0.0579999999999999,0.022,255785.0,0
Cratos,CRTS,0.003236528133,223198961.0,2022-03-17,0.003,0.099,-0.027,16517737.0,0
Status,SNT,0.057335510854,222865089.0,2022-03-17,-0.002,0.01,-0.086,8733449.0,0
Telos,TLOS,0.858613,222068806.0,2022-03-17,0.001,0.046,-0.059,3788138.0,0
Power Ledger,POWR,0.511559,219951909.0,2022-03-17,0.002,0.013,-0.04,31170583.0,0
Astar,ASTR,0.107755,218062741.0,2022-03-17,-0.001,0.044,0.027,8916820.0,0
Medibloc,MED,0.040421543227,217275804.0,2022-03-17,0.001,0.0069999999999999,-0.013,4569259.0,0
Celer Network,CELR,0.03831685277,216429137.0,2022-03-17,0.009,0.036,-0.038,29766536.0,0
COTI,COTI,0.204755,215079506.0,2022-03-17,0.001,0.016,-0.032,12162479.0,0
Vulcan Forged,PYR,8.9,212825987.0,2022-03-17,0.001,0.023,-0.096,20305571.0,0
Dopex,DPX,1173.9,211922629.0,2022-03-17,0.0069999999999999,0.042,0.0069999999999999,3078417.0,0
Energy Web Token,EWT,5.03,211101992.0,2022-03-17,-0.0,0.025,-0.02,1278646.0,0
PLEX,PLEX,0.857492,210041737.0,2022-03-17,0.024,0.05,0.142,14908002.0,0
Orbs,ORBS,0.072277990941,209383845.0,2022-03-17,-0.001,0.001,-0.008,5313234.0,0
Alchemix USD,ALUSD,0.998794,208931720.0,2022-03-17,-0.0,0.0,0.001,142769.0,0
XYO Network,XYO,0.016424293565,204717393.0,2022-03-17,-0.0,0.005,-0.055,4920583.0,0
Boba Network,BOBA,1.28,204133364.0,2022-03-17,0.005,0.0579999999999999,0.162,7605916.0,0
Ocean Protocol,OCEAN,0.465948,202260490.0,2022-03-17,0.001,-0.0069999999999999,0.0069999999999999,13125747.0,0
Unibright,UBT,1.34,201738743.0,2022-03-17,-0.0,0.135,0.74,1513662.0,1
Mdex,MDX,0.231902,200934743.0,2022-03-17,0.001,0.037,0.043,10470382.0,0
LUKSO Token,LYXE,13.11,199459617.0,2022-03-17,-0.002,0.0069999999999999,-0.051,2438281.0,0
Mask Network,MASK,4.21,198784023.0,2022-03-17,0.002,0.043,-0.01,72687776.0,0
DAO Maker,DAO,2.19,198134048.0,2022-03-17,0.005,0.005,-0.051,2620710.0,0
Origin Protocol,OGN,0.41561,197701631.0,2022-03-17,-0.013,-0.043,0.488,103519781.0,0
UFO Gaming,UFO,7.566144e-06,194844243.0,2022-03-17,0.0069999999999999,0.005,-0.0559999999999999,5528279.0,0
Ardor,ARDR,0.194427,194331101.0,2022-03-17,-0.004,0.008,-0.043,5019344.0,0
Pundi X,PUNDIX,0.745885,192900544.0,2022-03-17,0.0,0.008,-0.049,4093358.0,0
Civic,CVC,0.28617,192055742.0,2022-03-17,-0.001,0.067,0.044,61814649.0,0
GMX,GMX,25.47,190389663.0,2022-03-17,0.003,0.119,0.0139999999999999,3169278.0,0
Interest Bearing Bitcoin,IBBTC,40853.81,189800862.0,2022-03-17,0.006,0.016,-0.0005,8343005.0,0
Kyber Network Crystal Legacy,KNCL,3.03,187322633.0,2022-03-17,0.015,-0.011,-0.032,82195466.0,0
MX Token,MX,1.87,186909022.0,2022-03-17,-0.001,0.006,-0.005,374184.0,0
Coinmetro,XCM,0.613238,185482862.0,2022-03-17,0.003,0.006,-0.024,36444.53,0
Conflux,CFX,0.118894,185392410.0,2022-03-17,-0.001,0.022,-0.055,5488882.0,0
Yoshi.exchange,YOSHI,1.4,183581718.0,2022-03-17,0.001,0.05,0.28,1673418.0,0
Wonderland,TIME,200.89,181461291.0,2022-03-17,0.002,0.021,-0.054,1142909.0,0
MiL.k Alliance,MLK,0.814028,181018689.0,2022-03-17,-0.001,-0.0,-0.004,9464173.0,0
XSGD,XSGD,0.737151,180464893.0,2022-03-17,0.0,0.003,0.002,2206838.0,0
Divi,DIVI,0.064853595251,180441034.0,2022-03-17,0.018,0.036,-0.008,202892.0,0
JOE,JOE,0.982235,180295364.0,2022-03-17,-0.011,0.1119999999999999,-0.033,47914853.0,0
Radicle,RAD,4.33,178613189.0,2022-03-17,-0.0,-0.022,-0.065,7819981.0,0
SuperFarm,SUPER,0.612438,176123468.0,2022-03-17,-0.002,0.012,-0.062,13815815.0,0
Pundi X [OLD],NPXS,0.000739037314,175021533.0,2022-03-17,0.005,0.23,-0.0559999999999999,3233.81,1
Aragon,ANT,4.6,174947342.0,2022-03-17,0.005,-0.0069999999999999,-0.032,20342438.0,0
Reserve Rights Token,RSR,0.013289915359,174938398.0,2022-03-17,-0.003,-0.037,0.016,62606911.0,0
Moonriver,MOVR,51.56,174781398.0,2022-03-17,0.001,0.0579999999999999,-0.063,19258945.0,0
BTSE Token,BTSE,8.47,171754643.0,2022-03-17,0.017,0.0069999999999999,0.088,182389.0,0
Ergo,ERG,3.26,170208459.0,2022-03-17,-0.006,0.002,0.004,1480738.0,0
Rari Governance Token,RGT,15.15,170001175.0,2022-03-17,-0.0,0.016,-0.064,109283.0,0
Request,REQ,0.219206,169969973.0,2022-03-17,-0.002,0.006,0.093,11689099.0,0
Cartesi,CTSI,0.321965,167831024.0,2022-03-17,0.003,0.033,0.0,17202782.0,0
Aurora,AURORA,7.35,167615843.0,2022-03-17,-0.001,0.072,-0.069,1298850.0,0
Veritaseum,VERI,77.68,167034953.0,2022-03-17,-0.064,0.032,0.3279999999999999,61535.04,0
Power Cash,PRCH,0.000580255891,165663549.0,2022-03-17,0.004,0.057,-0.034,121835.0,0
MMFinance,MMF,1.2,165134827.0,2022-03-17,-0.002,0.091,0.381,46298812.0,1
sBTC,SBTC,40716.13,165066520.0,2022-03-17,0.0,0.005,-0.0279999999999999,2583416.0,0
Numeraire,NMR,27.87,164787989.0,2022-03-17,0.0,-0.009,-0.036,3832085.0,0
Alchemy Pay,ACH,0.040004817834,164599197.0,2022-03-17,0.005,-0.013,-0.045,6824925.0,0
FEG Token BSC,FEG,3.893e-09,163269693.0,2022-03-17,0.025,-0.023,-0.013,270143.0,0
inSure DeFi,SURE,0.006161036427,162967567.0,2022-03-17,0.006,0.03,0.132,1159883.0,0
Multichain,MULTI,8.85,162445121.0,2022-03-17,-0.001,-0.033,-0.243,841002.0,0
Bifrost,BFC,0.149851,159291451.0,2022-03-17,-0.0,0.005,-0.026,1897563.0,0
Ion,ION,7395.39,157510201.0,2022-03-17,-0.037,0.048,-0.139,417792.0,0
World Mobile Token,WMT,0.668572,156579542.0,2022-03-17,0.001,0.022,-0.0559999999999999,1060965.0,0
Poollotto.finance,PLT,17.97,156426727.0,2022-03-17,0.015,0.021,0.036,701074.0,0
Mango,MNGO,0.150121,156098438.0,2022-03-17,0.001,0.015,-0.017,491181.0,0
AscendEx Token,ASD,0.209002,155507488.0,2022-03-17,-0.002,-0.001,-0.047,1996023.0,0
Reef Finance,REEF,0.008484927042,154953141.0,2022-03-17,0.002,0.005,-0.022,15128863.0,0
Storj,STORJ,1.06,153045067.0,2022-03-17,0.003,0.0279999999999999,0.076,22799371.0,0
FEG Token,FEG,3.712e-09,152507971.0,2022-03-17,-0.012,0.005,0.001,596220.0,0
Tokamak Network,TON,3.63,152418252.0,2022-03-17,0.001,0.018,-0.049,3175683.0,0
BNB48 Club Token,KOGE,75.36,151006279.0,2022-03-17,0.006,0.016,-0.0005,8343005.0,0
Akash Network,AKT,1.14,150977820.0,2022-03-17,0.013,0.039,0.005,1488453.0,0
Origin Dollar,OUSD,0.996761,150877504.0,2022-03-17,-0.001,0.003,-0.005,384674.0,0
Verge,XVG,0.009119355152,150565690.0,2022-03-17,0.0,-0.001,-0.1369999999999999,3989138.0,0
VeThor Token,VTHO,0.003276533427,149610423.0,2022-03-17,-0.002,0.01,0.021,5281032.0,0
Merit Circle,MC,2.12,149412537.0,2022-03-17,-0.001,0.015,0.035,9053682.0,0
USDX,USDX,0.972184,148673012.0,2022-03-17,0.0069999999999999,0.006,0.003,633490.0,0
Band Protocol,BAND,3.57,148621625.0,2022-03-17,0.001,-0.012,-0.043,14710862.0,0
aelf,ELF,0.320715,148069098.0,2022-03-17,-0.001,0.0069999999999999,-0.038,6682894.0,0
Biconomy,BICO,1.29,147807938.0,2022-03-17,-0.006,-0.018,-0.0,30433864.0,0
OriginTrail,TRAC,0.403433,147741339.0,2022-03-17,-0.01,0.006,-0.093,1641938.0,0
Beldex,BDX,0.09810351345,147183281.0,2022-03-17,0.005,-0.0289999999999999,0.3779999999999999,270960.0,0
Orchid Protocol,OXT,0.245431,145268599.0,2022-03-17,0.0,0.035,0.06,16831078.0,0
StarLink,STARL,1.4478205e-05,144516643.0,2022-03-17,0.002,0.003,-0.023,6019692.0,0
GPEX,GPX,3.77,144310185.0,2022-03-17,-0.002,-0.017,-0.061,166864.0,0
Kishu Inu,KISHU,1.484e-09,143713655.0,2022-03-17,-0.0,-0.039,0.073,5930373.0,0
Beta Finance,BETA,0.390171,140529092.0,2022-03-17,0.001,0.0069999999999999,-0.087,16200954.0,0
Ark,ARK,0.855048,139681382.0,2022-03-17,0.008,0.024,-0.053,2191914.0,0
TrueFi,TRU,0.214734,137832596.0,2022-03-17,0.095,0.1939999999999999,0.242,14102206.0,1
STASIS EURO,EURS,1.11,137830475.0,2022-03-17,-0.001,0.005,0.001,5583658.0,0
Acala,ACA,1.08,137419617.0,2022-03-17,0.002,-0.0139999999999999,-0.054,8839438.0,0
Keep3rV1,KP3R,361.53,135737507.0,2022-03-17,0.003,0.003,-0.032,19120535.0,0
Magic,MAGIC,2.66,135701244.0,2022-03-17,-0.002,-0.045,-0.054,4586490.0,0
Hxro,HXRO,0.304276,133744124.0,2022-03-17,0.0,-0.003,-0.066,71104.14,0
Sperax,SPA,0.170244,133654459.0,2022-03-17,-0.004,0.026,-0.026,911737.0,0
MaidSafeCoin,MAID,0.295224,133599281.0,2022-03-17,0.001,0.001,-0.067,7810.13,0
flexUSD,FLEXUSD,1.0,132659636.0,2022-03-17,-0.0,-0.005,0.002,312664.0,0
Prometeus,PROM,8.05,132399958.0,2022-03-17,-0.001,0.011,-0.031,889637.0,0
Iron Bank EURO,IBEUR,1.1,132176489.0,2022-03-17,0.0,0.016,0.005,57945.42,0
Qredo,QRDO,2.61,131117652.0,2022-03-17,-0.0,0.0279999999999999,0.024,16725771.0,0
Bezoge Earth,BEZOGE,2.984e-09,130736810.0,2022-03-17,-0.004,-0.022,-0.177,176270.0,0
Victoria VR,VR,0.154224,130077410.0,2022-03-17,0.01,0.067,0.131,10041552.0,0
Polkastarter,POLS,1.47,129790575.0,2022-03-17,0.018,-0.042,0.198,34461134.0,0
DUSK Network,DUSK,0.32285,129772453.0,2022-03-17,-0.024,-0.0069999999999999,-0.108,10733697.0,0
iExec RLC,RLC,1.81,129744853.0,2022-03-17,0.004,-0.001,0.01,4304190.0,0
RMRK,RMRK,13.61,129381545.0,2022-03-17,-0.006,-0.003,-0.07,3122953.0,0
THORChain (ERC20),RUNE,7.98,129360305.0,2022-03-17,0.003,0.122,0.584,2414143.0,1
Metadium,META,0.076139640664,128563501.0,2022-03-17,-0.002,-0.012,0.004,9899795.0,0
StormX,STMX,0.013797399421,128358108.0,2022-03-17,0.002,-0.0139999999999999,-0.1,1844462.0,0
Stratis,STRAX,0.94622,128080393.0,2022-03-17,-0.003,0.013,-0.04,14410182.0,0
STP Network,STPT,0.087992796441,127931734.0,2022-03-17,0.0,0.016,-0.046,7298290.0,0
Steem,STEEM,0.322052,127246640.0,2022-03-17,0.004,0.02,-0.011,4267199.0,0
DEAPCOIN,DEP,0.027101682754,126235341.0,2022-03-17,-0.008,-0.018,-0.159,5123322.0,0
Meerkat Shares,MSHARE,14141.32,126105039.0,2022-03-17,0.001,0.091,1.065,8589756.0,1
RSK Infrastructure Framework,RIF,0.151385,125639850.0,2022-03-17,-0.002,0.01,-0.07,206651.0,0
Dawn Protocol,DAWN,1.72,125035795.0,2022-03-17,0.001,0.0139999999999999,0.006,4063485.0,0
Alpha Finance,ALPHA,0.280024,125007857.0,2022-03-17,0.003,0.004,-0.003,5728562.0,0
NKN,NKN,0.191882,124824929.0,2022-03-17,0.005,-0.003,-0.0139999999999999,5872145.0,0
Decentral Games,DG,0.322954,124818085.0,2022-03-17,-0.01,0.059,0.008,1307545.0,0
Balancer,BAL,11.52,124477702.0,2022-03-17,0.0,0.006,-0.038,8895097.0,0
Strike,STRK,39.63,124043364.0,2022-03-17,0.002,0.044,-0.01,70589902.0,0
Alien Worlds,TLM,0.099181828389,123122031.0,2022-03-17,0.008,0.0279999999999999,-0.019,53533075.0,0
Dero,DERO,10.93,122930832.0,2022-03-17,0.001,0.0069999999999999,-0.158,568520.0,0
Sun Token,SUN,0.011601809279,122048839.0,2022-03-17,0.0,0.0,-0.026,20031921.0,0
Tomb Shares,TSHARE,3117.12,122042187.0,2022-03-17,-0.015,0.07,-0.346,15057752.0,0
GXChain,GXC,1.62,122034911.0,2022-03-17,-0.006,-0.01,-0.046,11044304.0,0
Ankr Reward-Bearing Staked ETH,AETHC,2254.71,120703323.0,2022-03-17,0.005,0.027,-0.035,103476.0,0
Spookyswap,BOO,13.41,120688730.0,2022-03-17,-0.005,0.027,-0.073,3033122.0,0
Maple,MPL,26.62,120557876.0,2022-03-17,-0.016,0.048,0.216,6013862.0,0
Kirobo,KIRO,0.125334,119964465.0,2022-03-17,0.009,-0.008,-0.102,60450.88,0
BENQI Liquid Staked AVAX,SAVAX,79.79,119637582.0,2022-03-17,-0.0,0.095,0.0289999999999999,1138158.0,0
sETH2,SETH2,2818.01,119015862.0,2022-03-17,0.005,0.0279999999999999,0.035,958190.0,0
Aavegotchi,GHST,1.94,117650490.0,2022-03-17,-0.001,0.0,-0.008,28955029.0,0
FUNToken,FUN,0.011072744983,117522843.0,2022-03-17,-0.0069999999999999,0.012,-0.012,840985.0,0
agEUR,AGEUR,1.11,115865259.0,2022-03-17,0.003,0.011,0.005,2130541.0,0
Alchemix,ALCX,96.93,114928689.0,2022-03-17,-0.001,0.023,-0.144,6978992.0,0
Hoo Token,HOO,1.39,114432549.0,2022-03-17,-0.004,0.035,0.059,8832185.0,0
Beefy.Finance,BIFI,1462.88,114334270.0,2022-03-17,-0.004,0.005,-0.093,1404924.0,0
Alpine F1 Team Fan Token,ALPINE,10.0,114038968.0,2022-03-17,0.002,0.142,0.953,226663985.0,1
DODO,DODO,0.395012,113721778.0,2022-03-17,-0.003,0.009,-0.033,24729655.0,0
Hathor,HTR,0.491681,112171936.0,2022-03-17,0.001,0.0279999999999999,-0.049,5298234.0,0
TitanSwap,TITAN,1.12,111774842.0,2022-03-17,-0.018,-0.008,-0.038,24457.53,0
PlatON Network,LAT,0.046419884436,111691885.0,2022-03-17,0.005,0.022,-0.047,2598864.0,0
Phantasma,SOUL,1.07,111502505.0,2022-03-17,0.005,-0.009,-0.105,2935493.0,0
Tornado Cash,TORN,47.28,111302578.0,2022-03-17,-0.002,-0.01,-0.044,7275467.0,0
Klever,KLV,0.020930640049,110824223.0,2022-03-17,-0.002,-0.01,0.015,3409196.0,0
JasmyCoin,JASMY,0.023128577628,110553343.0,2022-03-17,-0.016,0.098,0.685,657631520.0,1
BTC Standard Hashrate Token,BTCST,15.08,109935865.0,2022-03-17,0.0069999999999999,-0.015,-0.092,3149394.0,0
KardiaChain,KAI,0.032601817619,109334845.0,2022-03-17,-0.002,-0.015,-0.061,2890097.0,0
My Neighbor Alice,ALICE,6.27,109282154.0,2022-03-17,0.001,0.033,-0.016,99965004.0,0
Proton,XPR,0.011066116011,109182891.0,2022-03-17,-0.002,0.008,-0.102,8687937.0,0
Utrust,UTK,0.237003,109107417.0,2022-03-17,-0.001,0.015,-0.051,8201156.0,0
Kava Swap,SWP,1.82,109049036.0,2022-03-17,-0.012,0.008,0.0,1981564.0,0
Regen,REGEN,0.873466,107921529.0,2022-03-17,-0.002,0.013,-0.04,185688.0,0
BakerySwap,BAKE,0.559948,107743877.0,2022-03-17,0.002,0.021,-0.016,15467623.0,0
Hydra,HYDRA,9.26,107523003.0,2022-03-17,0.004,0.04,0.0559999999999999,884096.0,0
Venus,XVS,8.86,106857130.0,2022-03-17,0.003,0.04,-0.01,15729939.0,0
CRYPTO20,C20,3.21,106817045.0,2022-03-17,0.005,0.094,-0.0139999999999999,244162.0,0
Pylon Protocol,MINE,0.054820562279,106639197.0,2022-03-17,-0.002,0.025,0.118,255036.0,0
QuarkChain,QKC,0.016027563853,106547838.0,2022-03-17,0.008,0.0279999999999999,-0.031,2308543.0,0
Orion Protocol,ORN,3.06,104853664.0,2022-03-17,0.003,-0.012,-0.074,9655123.0,0
Seedify.fund,SFUND,4.37,104617801.0,2022-03-17,-0.002,0.013,-0.168,3082745.0,0
TomoChain,TOMO,1.19,104551092.0,2022-03-17,0.0069999999999999,0.015,-0.0279999999999999,2030435.0,0
Ellipsis,EPS,0.166502,104379795.0,2022-03-17,-0.001,0.012,-0.0289999999999999,5645716.0,0
Railgun,RAIL,1.81,104202720.0,2022-03-17,-0.001,0.021,-0.175,471794.0,0
Decentral Games Governance,XDG,0.338029,104005183.0,2022-03-17,0.013,0.052,0.013,147662.0,0
Hermez Network,HEZ,6.17,103279211.0,2022-03-17,0.002,0.015,0.013,68193.73,0
AIOZ Network,AIOZ,0.214561,103148149.0,2022-03-17,-0.012,-0.095,-0.107,5493212.0,0
ICHI,ICHI,23.02,100868057.0,2022-03-17,0.005,0.017,0.108,662181.0,0
sETH,SETH,2821.01,100163119.0,2022-03-17,0.006,0.039,0.033,3277906.0,0
Bitcoin Diamond,BCD,0.52929,99286361.0,2022-03-17,0.015,0.0289999999999999,-0.0409999999999999,13758923.0,0
Metal,MTL,1.52,98146821.0,2022-03-17,0.004,-0.001,-0.044,10399052.0,0
Dopex Rebate Token,RDPX,105.79,97862985.0,2022-03-17,-0.013,0.052,0.092,1970405.0,0
Wilder World,WILD,1.17,97738316.0,2022-03-17,-0.012,0.004,-0.178,4126450.0,0
cBAT,CBAT,0.013887822764,96581377.0,2022-03-17,0.006,0.016,-0.0005,8343005.0,0
Wrapped Centrifuge,WCFG,0.481036,95950030.0,2022-03-17,-0.003,-0.01,-0.043,1727756.0,0
Bounce,AUCTION,13.12,94608029.0,2022-03-17,0.002,0.002,-0.0,1640514.0,0
Augur,REP,13.56,94396497.0,2022-03-17,0.001,0.01,-0.0409999999999999,5896456.0,0
sUSD,SUSD,0.997496,94221877.0,2022-03-17,0.001,0.004,-0.003,9442897.0,0
Electroneum,ETN,0.005214209583,93414016.0,2022-03-17,0.006,0.025,-0.05,189537.0,0
KeeperDAO,ROOK,115.76,93199097.0,2022-03-17,0.008,0.07,-0.105,652966.0,0
Dvision Network,DVI,0.380746,92462684.0,2022-03-17,0.008,0.091,-0.108,2438408.0,0
cUNI,CUNI,0.186789,91378796.0,2022-03-17,0.002,0.02,0.013,818771.0,0
Wanchain,WAN,0.472639,91293951.0,2022-03-17,0.001,0.0,0.003,5680953.0,0
IDEX,IDEX,0.142172,90697310.0,2022-03-17,0.004,-0.002,-0.055,11854190.0,0
Verasity,VRA,0.020213148673,90445041.0,2022-03-17,0.008,-0.03,-0.113,55707710.0,0
Neutrino System Base Token,NSBT,35.75,90375202.0,2022-03-17,-0.001,0.009,0.188,208377.0,0
Everipedia,IQ,0.008982625251,90044377.0,2022-03-17,-0.005,-0.004,-0.005,2844319.0,0
HUNT,HUNT,0.821299,89930148.0,2022-03-17,-0.001,0.069,0.006,104480496.0,0
Somnium Space CUBEs,CUBE,6.89,89700384.0,2022-03-17,0.011,0.173,0.2,379297.0,1
bZx Protocol,BZRX,0.062809109348,88971844.0,2022-03-17,-0.7040000000000001,-0.6459999999999999,-0.4639999999999999,43.49,2
AllianceBlock,ALBT,0.229837,88953339.0,2022-03-17,-0.003,0.038,0.053,380133.0,0
ZoidPay,ZPAY,0.303949,88904956.0,2022-03-17,-0.004,-0.018,0.212,580730.0,0
Ampleforth,AMPL,1.07,88008725.0,2022-03-17,0.0,-0.049,0.104,1359111.0,0
Bonfida,FIDA,1.65,87734475.0,2022-03-17,-0.002,0.025,-0.083,7357829.0,0
Avalaunch,XAVA,3.92,86912829.0,2022-03-17,-0.002,0.034,-0.024,1323970.0,0
Adventure Gold,AGLD,1.11,85908280.0,2022-03-17,-0.011,0.009,0.089,56512453.0,0
Adshares,ADS,3.55,85408124.0,2022-03-17,0.001,0.0279999999999999,0.298,1188991.0,0
Automata,ATA,0.368096,83651315.0,2022-03-17,0.004,0.004,-0.003,3784037.0,0
Gains Farm,GFARM2,2330.78,83519135.0,2022-03-17,-0.0,0.03,0.102,138508.0,0
Crabada,CRA,0.957634,83266240.0,2022-03-17,0.026,0.064,0.033,2393019.0,0
CertiK,CTK,1.17,82895723.0,2022-03-17,-0.002,-0.003,-0.009,4539353.0,0
Celo Dollar,CUSD,1.0,82678314.0,2022-03-17,-0.001,0.005,0.004,2890566.0,0
Propy,PRO,1.43,82507865.0,2022-03-17,-0.005,0.087,-0.131,1092863.0,0
Swarm,BZZ,1.26,81979222.0,2022-03-17,0.002,0.052,-0.0139999999999999,1150674.0,0
Clover Finance,CLV,0.313737,81842102.0,2022-03-17,-0.003,0.0279999999999999,-0.0139999999999999,10080749.0,0
Covalent,CQT,0.319453,81675970.0,2022-03-17,-0.0,0.036,-0.1,1930543.0,0
chrono.tech,TIME,113.61,80595619.0,2022-03-17,0.012,-0.036,-0.2339999999999999,150984.0,0
Biswap,BSW,0.355954,80314265.0,2022-03-17,0.002,-0.002,0.0579999999999999,4931153.0,0
Gitcoin,GTC,5.65,80282760.0,2022-03-17,0.004,-0.003,-0.102,7848894.0,0
DFI.money,YFII,2018.73,80185006.0,2022-03-17,0.001,-0.0139999999999999,-0.001,11327787.0,0
Redacted Cartel,BTRFLY,129.99,80079688.0,2022-03-17,-0.001,0.14,-0.212,2195840.0,0
SafePal,SFP,0.740146,80075567.0,2022-03-17,-0.002,0.013,-0.018,8669227.0,0
Platypus Finance,PTP,4.14,79450747.0,2022-03-17,0.005,-0.135,-0.354,5248814.0,0
BENQI,QI,0.050743317046,79411049.0,2022-03-17,0.0,0.024,-0.048,8530801.0,0
Aergo,AERGO,0.218479,79214487.0,2022-03-17,-0.004,0.012,-0.129,7272167.0,0
Enzyme,MLN,54.27,78897484.0,2022-03-17,0.005,0.006,0.033,5114354.0,0
Nerve Finance,NRV,0.018468001417,77747624.0,2022-03-17,-0.015,0.057,-0.04,26173.31,0
Rai Reflex Index,RAI,3.04,77616933.0,2022-03-17,0.003,0.003,0.002,1057135.0,0
Aurory,AURY,8.09,76843664.0,2022-03-17,-0.001,0.008,0.004,1438567.0,0
RIZON,ATOLO,0.034953545858,75194885.0,2022-03-17,0.001,-0.018,-0.05,334964.0,0
Aave [OLD],LEND,1.47,75160944.0,2022-03-17,0.002,0.079,0.072,11843.62,0
mStable USD,MUSD,0.999305,74706759.0,2022-03-17,-0.0,-0.0,0.0,100066.0,0
DeFi Pulse Index,DPI,158.57,74590066.0,2022-03-17,-0.005,0.024,0.012,264648.0,0
Blox,CDT,0.110513,74560549.0,2022-03-17,0.053,0.151,-0.0069999999999999,151228.0,1
PlatonCoin,PLTC,0.682181,74286948.0,2022-03-17,-0.001,0.068,0.1989999999999999,195574.0,0
ShapeShift FOX Token,FOX,0.272417,74091492.0,2022-03-17,0.001,0.002,-0.0279999999999999,671439.0,0
Handshake,HNS,0.155984,74049207.0,2022-03-17,-0.004,-0.001,-0.168,171651.0,0
PEAKDEFI,PEAK,0.05519710958,74047013.0,2022-03-17,0.04,-0.018,-0.175,72443.45,0
Presearch,PRE,0.186584,74002744.0,2022-03-17,0.001,0.037,-0.025,706220.0,0
SingularityNET,AGIX,0.082793325047,73431209.0,2022-03-17,-0.001,-0.015,-0.081,1211638.0,0
Sai,SAI,1.0,72643253.0,2022-03-17,0.006,0.016,-0.0005,8343005.0,0
Sifchain,EROWAN,0.092998915614,72370847.0,2022-03-17,0.005,0.026,-0.031,2618246.0,0
Badger DAO,BADGER,7.24,72193740.0,2022-03-17,-0.005,-0.011,-0.074,3893756.0,0
Index Coop - ETH 2x Flexible Leverage Index,ETH2X-FLI,69.79,72083620.0,2022-03-17,0.002,0.0559999999999999,0.063,1140003.0,0
Oxygen,OXY,0.355128,71658098.0,2022-03-17,0.012,0.094,0.09,628756.0,0
Hifi Finance,MFT,0.007610380739,71444464.0,2022-03-17,-0.003,0.0069999999999999,0.0579999999999999,13457578.0,0
Vader Protocol,VADER,0.014688496373,71296654.0,2022-03-17,0.008,0.022,-0.363,3416278.0,0
MAPS,MAPS,0.944908,70633226.0,2022-03-17,0.0069999999999999,0.143,0.121,1481120.0,1
Wrapped NXM,WNXM,26.39,70593491.0,2022-03-17,0.003,-0.01,-0.03,1579870.0,0
Sovryn,SOV,3.32,70581427.0,2022-03-17,-0.006,-0.0289999999999999,-0.159,732020.0,0
Netvrk,NTVRK,1.71,70480323.0,2022-03-17,-0.0069999999999999,0.1159999999999999,-0.0289999999999999,2603788.0,0
Dock,DOCK,0.033661853536,70448413.0,2022-03-17,0.001,0.008,-0.022,2401530.0,0
ShareToken,SHR,0.007367750574,69453171.0,2022-03-17,-0.0,0.0289999999999999,-0.175,261673.0,0
TempleDAO,TEMPLE,0.641015,69369413.0,2022-03-17,0.001,-0.036,-0.05,857448.0,0
cVault.finance,CORE,6926.41,68840419.0,2022-03-17,-0.005,0.026,0.0,42667.58,0
GuildFi,GF,1.58,68575496.0,2022-03-17,0.001,0.031,0.019,4047040.0,0
ChainX,PCX,1.64,68530128.0,2022-03-17,0.006,-0.015,0.033,523787.0,0
Loom Network (OLD),LOOMOLD,0.082172200347,68416663.0,2022-03-17,0.005,0.102,0.018,2657217.0,0
Travala.com,AVA,1.32,68291858.0,2022-03-17,0.002,-0.01,0.003,3591714.0,0
Banana,BANANA,15.33,68212793.0,2022-03-17,0.002,-0.181,0.3929999999999999,541918.0,0
IRISnet,IRIS,0.055425599401,68090240.0,2022-03-17,0.016,-0.003,-0.088,2976839.0,0
Circuits of Value,COVAL,0.037961003776,67826274.0,2022-03-17,0.002,-0.012,-0.054,366787.0,0
ARPA Chain,ARPA,0.069003373522,67762845.0,2022-03-17,-0.0,0.008,-0.037,13633759.0,0
SuperRare,RARE,0.464613,67388220.0,2022-03-17,-0.003,0.0139999999999999,0.019,9398219.0,0
Verus Coin,VRSC,0.999387,67318962.0,2022-03-17,0.053,0.061,-0.122,20275.07,0
